Phi_fit,Counts_fit
0.0,-8.058384984658853e-19
0.2501737317581654,-8.1820289911379485e-19
0.5003474635163307,-8.306156740708917e-19
0.7505211952744961,-8.4307587674205515e-19
1.0006949270326615,-8.5558255691533745e-19
1.2508686587908269,-8.681347608344283e-19
1.5010423905489922,-8.807315312713891e-19
1.7512161223071576,-8.93371907599648e-19
2.001389854065323,-9.0605492586726e-19
2.2515635858234884,-9.187796188704161e-19
2.5017373175816537,-9.315450162272024e-19
2.751911049339819,-9.443501444516005e-19
3.0020847810979845,-9.571940270277274e-19
3.25225851285615,-9.700756844843014e-19
3.5024322446143152,-9.829941344693385e-19
3.7526059763724806,-9.959483918250657e-19
4.002779708130646,-1.008937468663049e-18
4.252953439888811,-1.0219603744395287e-18
4.503127171646977,-1.0350161160309596e-18
4.753300903405142,-1.0481036978097446e-18
5.0034746351633075,-1.061222121720162e-18
5.253648366921473,-1.0743703873544776e-18
5.503822098679638,-1.0875474920292343e-18
5.753995830437804,-1.1007524308617162e-18
6.004169562195969,-1.1139841968465828e-18
6.254343293954134,-1.1272417809326606e-18
6.5045170257123,-1.140524172099895e-18
6.754690757470465,-1.1538303574364491e-18
7.0048644892286305,-1.1671593222159483e-18
7.255038220986796,-1.180510049974864e-18
7.505211952744961,-1.193881522590028e-18
7.755385684503127,-1.2072727203562738e-18
8.005559416261292,-1.2206826220642016e-18
8.255733148019457,-1.2341102050780516e-18
8.505906879777623,-1.247554445413693e-18
8.756080611535788,-1.2610143178167121e-18
9.006254343293953,-1.2744887958405976e-18
9.256428075052119,-1.2879768519250157e-18
9.506601806810284,-1.3014774574741757e-18
9.75677553856845,-1.3149895829352656e-18
10.006949270326615,-1.3285121978769685e-18
10.25712300208478,-1.3420442710680431e-18
10.507296733842946,-1.3555847705559634e-18
10.757470465601111,-1.369132663745616e-18
11.007644197359276,-1.3826869174780466e-18
11.257817929117442,-1.396246498109247e-18
11.507991660875607,-1.4098103715889802e-18
11.758165392633773,-1.4233775035396394e-18
12.008339124391938,-1.4369468593351263e-18
12.258512856150103,-1.4505174041797525e-18
12.508686587908269,-1.4640881031871547e-18
12.758860319666434,-1.4776579214592115e-18
13.0090340514246,-1.4912258241649663e-18
13.259207783182765,-1.5047907766195444e-18
13.50938151494093,-1.5183517443630552e-18
13.759555246699096,-1.5319076932394815e-18
14.009728978457261,-1.5454575894755443e-18
14.259902710215426,-1.559000399759537e-18
14.510076441973592,-1.5725350913201247e-18
14.760250173731757,-1.586060632005107e-18
15.010423905489922,-1.5995759903601249e-18
15.260597637248088,-1.6130801357073213e-18
15.510771369006253,-1.626572038223942e-18
15.760945100764419,-1.6400506690208664e-18
16.011118832522584,-1.6535150002210722e-18
16.26129256428075,-1.6669640050380218e-18
16.511466296038915,-1.680396657853962e-18
16.76164002779708,-1.6938119342981404e-18
17.011813759555245,-1.7072088113249226e-18
17.261987491313413,-1.7205862672918086e-18
17.512161223071576,-1.7339432820373429e-18
17.76233495482974,-1.747278836958914e-18
18.012508686587907,-1.76059191509043e-18
18.262682418346074,-1.773881501179874e-18
18.512856150104238,-1.7871465817667262e-18
18.7630298818624,-1.80038614525925e-18
19.01320361362057,-1.8135991820116366e-18
19.263377345378736,-1.8267846844010002e-18
19.5135510771369,-1.8399416469042164e-18
19.763724808895063,-1.8530690661746077e-18
20.01389854065323,-1.866165941118456e-18
20.264072272411397,-1.879231272971345e-18
20.51424600416956,-1.892264065374327e-18
20.764419735927724,-1.9052633244499043e-18
21.01459346768589,-1.9182280588778236e-18
21.26476719944406,-1.9311572799706707e-18
21.514940931202222,-1.9440500017492714e-18
21.765114662960386,-1.956905241017879e-18
22.015288394718553,-1.969722017439153e-18
22.26546212647672,-1.9824993536089224e-18
22.515635858234884,-1.9952362751307176e-18
22.765809589993047,-2.0079318106900807e-18
23.015983321751214,-2.0205849921286375e-18
23.26615705350938,-2.033194854517928e-18
23.516330785267545,-2.0457604362329922e-18
23.76650451702571,-2.0582807790257027e-18
24.016678248783876,-2.070754928097843e-18
24.266851980542043,-2.0831819321739155e-18
24.517025712300207,-2.09556084357369e-18
24.76719944405837,-2.1078907182844714e-18
25.017373175816537,-2.1201706160330897e-18
25.267546907574705,-2.132399600357607e-18
25.517720639332868,-2.1445767386787285e-18
25.76789437109103,-2.156701102370924e-18
26.0180681028492,-2.168771766833243e-18
26.268241834607366,-2.1807878115598256e-18
26.51841556636553,-2.1927483202100972e-18
26.768589298123693,-2.2046523806786532e-18
27.01876302988186,-2.216499085164812e-18
27.268936761640028,-2.2282875302418436e-18
27.51911049339819,-2.2400168169258683e-18
27.769284225156355,-2.251686050744409e-18
28.019457956914522,-2.263294341804607e-18
28.26963168867269,-2.2748408048610814e-18
28.519805420430853,-2.2863245593834397e-18
28.769979152189016,-2.297744729623427e-18
29.020152883947183,-2.30910044468171e-18
29.27032661570535,-2.320390838574291e-18
29.520500347463514,-2.3316150502985486e-18
29.770674079221678,-2.342772223898897e-18
30.020847810979845,-2.35386150853206e-18
30.271021542738012,-2.364882058531959e-18
30.521195274496176,-2.3758330334742003e-18
30.77136900625434,-2.386713598240165e-18
31.021542738012506,-2.397522923080701e-18
31.271716469770674,-2.408260183679391e-18
31.521890201528837,-2.41892456121542e-18
31.772063933287,-2.429515242426019e-18
32.02223766504517,-2.44003141966848e-18
32.272411396803335,-2.45047229098175e-18
32.5225851285615,-2.4608370601475876e-18
32.77275886031966,-2.4711249367512812e-18
33.02293259207783,-2.4813351362419285e-18
33.273106323836,-2.4914668799922635e-18
33.52328005559416,-2.5015193953580345e-18
33.773453787352324,-2.511491915736928e-18
34.02362751911049,-2.5213836806270283e-18
34.27380125086866,-2.531193935684812e-18
34.523974982626825,-2.5409219327826754e-18
34.774148714384985,-2.5505669300659874e-18
35.02432244614315,-2.5601281920096612e-18
35.27449617790132,-2.5696049894742456e-18
35.52466990965948,-2.5789965997615303e-18
35.77484364141765,-2.5883023066696585e-18
36.025017373175814,-2.5975214005477423e-18
36.27519110493398,-2.606653178349983e-18
36.52536483669215,-2.6156969436892826e-18
36.77553856845031,-2.6246520068903525e-18
37.025712300208475,-2.633517685042308e-18
37.27588603196664,-2.6422933020507447e-18
37.5260597637248,-2.650978188689298e-18
37.77623349548297,-2.65957168265068e-18
38.02640722724114,-2.6680731285971856e-18
38.276580958999304,-2.6764818782106667e-18
38.52675469075747,-2.6847972902419757e-18
38.77692842251563,-2.693018730559866e-18
39.0271021542738,-2.70114557219935e-18
39.277275886031966,-2.7091771954095116e-18
39.527449617790126,-2.7171129877007685e-18
39.77762334954829,-2.7249523438915796e-18
40.02779708130646,-2.7326946661545986e-18
40.27797081306463,-2.7403393640622604e-18
40.528144544822794,-2.7478858546318098e-18
40.778318276580954,-2.755333562369759e-18
41.02849200833912,-2.7626819193157737e-18
41.27866574009729,-2.769930365085986e-18
41.52883947185545,-2.7770783469157298e-18
41.779013203613616,-2.784125319701695e-18
42.02918693537178,-2.791070746043494e-18
42.27936066712995,-2.7979140962846466e-18
42.52953439888812,-2.804654848552971e-18
42.77970813064628,-2.8112924888003804e-18
43.029881862404444,-2.8178265108420865e-18
43.28005559416261,-2.824256416395197e-18
43.53022932592077,-2.8305817151167197e-18
43.78040305767894,-2.8368019246409513e-18
44.030576789437106,-2.8429165706162653e-18
44.28075052119527,-2.8489251867412855e-18
44.53092425295344,-2.854827314800445e-18
44.7810979847116,-2.86062250469893e-18
45.03127171646977,-2.8663103144970056e-18
45.281445448227934,-2.871890310443714e-18
45.531619179986095,-2.877362067009958e-18
45.78179291174426,-2.882725166920946e-18
46.03196664350243,-2.8879792011880167e-18
46.282140375260596,-2.8931237691398275e-18
46.53231410701876,-2.8981584784529103e-18
46.78248783877692,-2.9030829451815887e-18
47.03266157053509,-2.9078967937872585e-18
47.28283530229326,-2.9125996571670258e-18
47.53300903405142,-2.9171911766817023e-18
47.783182765809585,-2.9216710021831563e-18
48.03335649756775,-2.926038792041011e-18
48.28353022932592,-2.930294213168703e-18
48.533703961084086,-2.9344369410488783e-18
48.783877692842246,-2.9384666597581414e-18
49.03405142460041,-2.9423830619911498e-18
49.28422515635858,-2.946185849084046e-18
49.53439888811674,-2.9498747310372344e-18
49.78457261987491,-2.953449426537498e-18
50.034746351633075,-2.9569096629794504e-18
50.28492008339124,-2.960255176486323e-18
50.53509381514941,-2.9634857119300897e-18
50.78526754690757,-2.9666010229509246e-18
51.035441278665736,-2.9696008719759866e-18
51.2856150104239,-2.9724850302375367e-18
51.53578874218206,-2.975253277790385e-18
51.78596247394023,-2.9779054035286647e-18
52.0361362056984,-2.9804412052019283e-18
52.286309937456565,-2.9828604894305725e-18
52.53648366921473,-2.985163071720586e-18
52.78665740097289,-2.987348776477618e-18
53.03683113273106,-2.989417437020368e-18
53.28700486448923,-2.9913688955933e-18
53.53717859624739,-2.9932030033786694e-18
53.787352328005554,-2.9949196205078743e-18
54.03752605976372,-2.996518616072121e-18
54.28769979152189,-2.9979998681324065e-18
54.537873523280055,-2.999363263728818e-18
54.788047255038215,-3.0006086988891477e-18
55.03822098679638,-3.0017360786368206e-18
55.28839471855455,-3.002745316998139e-18
55.53856845031271,-3.0036363370088368e-18
55.78874218207088,-3.00440907071995e-18
56.038915913829044,-3.0050634592029994e-18
56.28908964558721,-3.0055994525544815e-18
56.53926337734538,-3.006017009899678e-18
56.78943710910354,-3.0063160993957694e-18
57.039610840861705,-3.0064966982342654e-18
57.28978457261987,-3.006558792642744e-18
57.53995830437803,-3.0065023778859004e-18
57.7901320361362,-3.0063274582659105e-18
58.04030576789437,-3.0060340471221004e-18
58.290479499652534,-3.005622166829931e-18
58.5406532314107,-3.005091848799291e-18
58.79082696316886,-3.0044431334721003e-18
59.04100069492703,-3.003676070319228e-18
59.291174426685195,-3.0027907178367198e-18
59.541348158443355,-3.0017871435413343e-18
59.79152189020152,-3.000665423965397e-18
60.04169562195969,-2.999425644650963e-18
60.29186935371786,-2.9980679001432935e-18
60.542043085476024,-2.996592293983646e-18
60.792216817234184,-2.994998938701378e-18
61.04239054899235,-2.9932879558053656e-18
61.29256428075052,-2.9914594757747383e-18
61.54273801250868,-2.989513638048927e-18
61.792911744266846,-2.98745059101703e-18
62.04308547602501,-2.9852704920065013e-18
62.29325920778318,-2.982973507271146e-18
62.54343293954135,-2.9805598119784472e-18
62.79360667129951,-2.9780295901962067e-18
63.043780403057674,-2.9753830348785052e-18
63.29395413481584,-2.9726203478509916e-18
63.544127866574,-2.969741739795489e-18
63.79430159833217,-2.966747430233931e-18
64.04447533009034,-2.9636376475116155e-18
64.2946490618485,-2.960412628779799e-18
64.54482279360667,-2.9570726199776045e-18
64.79499652536484,-2.9536178758132707e-18
65.045170257123,-2.9500486597447246e-18
65.29534398888116,-2.9463652439594944e-18
65.54551772063932,-2.942567909353948e-18
65.79569145239749,-2.9386569455118756e-18
66.04586518415566,-2.9346326506824047e-18
66.29603891591383,-2.9304953317572537e-18
66.546212647672,-2.9262453042473326e-18
66.79638637943016,-2.9218828922586784e-18
67.04656011118831,-2.9174084284677425e-18
67.29673384294648,-2.9128222540960157e-18
67.54690757470465,-2.9081247188840123e-18
67.79708130646281,-2.903316181064595e-18
68.04725503822098,-2.8983970073356594e-18
68.29742876997915,-2.893367572832166e-18
68.54760250173732,-2.888228261097536e-18
68.79777623349548,-2.8829794640543992e-18
69.04794996525365,-2.8776215819747093e-18
69.2981236970118,-2.872155023449218e-18
69.54829742876997,-2.8665802053563128e-18
69.79847116052814,-2.860897552830232e-18
70.0486448922863,-2.855107499228639e-18
70.29881862404447,-2.8492104860995776e-18
70.54899235580264,-2.8432069631477974e-18
70.7991660875608,-2.837097388200461e-18
71.04933981931896,-2.8308822271722304e-18
71.29951355107713,-2.824561954029734e-18
71.5496872828353,-2.818137050755426e-18
71.79986101459346,-2.811608007310826e-18
72.05003474635163,-2.80497532159916e-18
72.3002084781098,-2.798239499427384e-18
72.55038220986796,-2.7914010544676176e-18
72.80055594162613,-2.7844605082179663e-18
73.0507296733843,-2.7774183899627574e-18
73.30090340514245,-2.7702752367321707e-18
73.55107713690062,-2.763031593261291e-18
73.80125086865878,-2.75568801194856e-18
74.05142460041695,-2.7482450528136584e-18
74.30159833217512,-2.740703283454793e-18
74.55177206393329,-2.7330632790054128e-18
74.80194579569145,-2.7253256220903517e-18
75.0521195274496,-2.7174909027813958e-18
75.30229325920777,-2.7095597185522848e-18
75.55246699096594,-2.7015326742331495e-18
75.8026407227241,-2.6934103819643876e-18
76.05281445448227,-2.6851934611499796e-18
76.30298818624044,-2.6768825384102592e-18
76.55316191799861,-2.6684782475341197e-18
76.80333564975678,-2.6599812294306876e-18
77.05350938151494,-2.6513921320804424e-18
77.3036831132731,-2.6427116104858072e-18
77.55385684503126,-2.6339403266211918e-18
77.80403057678943,-2.625078949382516e-18
78.0542043085476,-2.616128154536197e-18
78.30437804030576,-2.607088624667617e-18
78.55455177206393,-2.5979610491290694e-18
78.8047255038221,-2.5887461239871865e-18
79.05489923558025,-2.5794445519698623e-18
79.30507296733842,-2.5700570424126564e-18
79.55524669909659,-2.5605843112047075e-18
79.80542043085475,-2.5510270807341332e-18
80.05559416261292,-2.5413860798329452e-18
80.30576789437109,-2.5316620437214677e-18
80.55594162612925,-2.5218557139522676e-18
80.80611535788742,-2.511967838353608e-18
81.05628908964559,-2.501999170972414e-18
81.30646282140374,-2.4919504720167747e-18
81.55663655316191,-2.4818225077979643e-18
81.80681028492008,-2.471616050672008e-18
82.05698401667824,-2.46133187898078e-18
82.30715774843641,-2.4509707769926473e-18
82.55733148019458,-2.4405335348426635e-18
82.80750521195274,-2.4300209484723113e-18
83.0576789437109,-2.4194338195688048e-18
83.30785267546906,-2.4087729555039516e-18
83.55802640722723,-2.398039169272587e-18
83.8082001389854,-2.387233279430571e-18
84.05837387074357,-2.3763561100323665e-18
84.30854760250173,-2.365408490568199e-18
84.5587213342599,-2.3543912559007982e-18
84.80889506601807,-2.34330524620173e-18
85.05906879777623,-2.33215130688733e-18
85.30924252953439,-2.3209302885542263e-18
85.55941626129255,-2.309643046914479e-18
85.80958999305072,-2.2982904427303183e-18
86.05976372480889,-2.2868733417485074e-18
86.30993745656706,-2.27539261463432e-18
86.56011118832522,-2.2638491369051405e-18
86.81028492008339,-2.2522437888637017e-18
87.06045865184154,-2.2405774555309498e-18
87.31063238359971,-2.2288510265785545e-18
87.56080611535788,-2.2170653962610614e-18
87.81097984711604,-2.2052214633476996e-18
88.06115357887421,-2.1933201310538366e-18
88.31132731063238,-2.1813623069721063e-18
88.56150104239055,-2.169348903003188e-18
88.81167477414871,-2.1572808352862733e-18
89.06184850590688,-2.1451590241291947e-18
89.31202223766503,-2.1329843939382468e-18
89.5621959694232,-2.1207578731476913e-18
89.81236970118137,-2.1084803941489523e-18
90.06254343293953,-2.0961528932195166e-18
90.3127171646977,-2.083776310451529e-18
90.56289089645587,-2.071351589680105e-18
90.81306462821404,-2.058879678411349e-18
91.06323835997219,-2.046361527750106e-18
91.31341209173036,-2.03379809232742e-18
91.56358582348852,-2.021190330227742e-18
91.81375955524669,-2.0085392029158657e-18
92.06393328700486,-1.995845675163603e-18
92.31410701876302,-1.9831107149762148e-18
92.56428075052119,-1.970335293518586e-18
92.81445448227936,-1.957520385041172e-18
93.06462821403753,-1.944666966805695e-18
93.31480194579568,-1.9317760190106247e-18
93.56497567755385,-1.918848524716421e-18
93.81514940931201,-1.9058854697705768e-18
94.06532314107018,-1.8928878427324263e-18
94.31549687282835,-1.879856634797766e-18
94.56567060458651,-1.866792839723262e-18
94.81584433634468,-1.853697453750667e-18
95.06601806810284,-1.8405714755308502e-18
95.316191799861,-1.8274159060476333e-18
95.56636553161917,-1.814231748541465e-18
95.81653926337734,-1.801020008432907e-18
96.0667129951355,-1.7877816932459644e-18
96.31688672689367,-1.77451781253125e-18
96.56706045865184,-1.761229377789e-18
96.81723419041,-1.7479174023919303e-18
97.06740792216817,-1.7345829015079662e-18
97.31758165392633,-1.7212268920228176e-18
97.56775538568449,-1.7078503924624345e-18
97.81792911744266,-1.694454422915338e-18
98.06810284920083,-1.6810400049548227e-18
98.318276580959,-1.667608161561057e-18
98.56845031271716,-1.6541599170430663e-18
98.81862404447533,-1.6406962969606231e-18
99.06879777623348,-1.6272183280460363e-18
99.31897150799165,-1.6137270381258525e-18
99.56914523974982,-1.6002234560424747e-18
99.81931897150798,-1.5867086115757054e-18
100.06949270326615,-1.573183535364211e-18
100.31966643502432,-1.559649258826929e-18
100.56984016678248,-1.546106814084413e-18
100.82001389854065,-1.5325572338801192e-18
101.07018763029882,-1.519001551501655e-18
101.32036136205697,-1.505440800701976e-18
101.57053509381514,-1.491876015620556e-18
101.8207088255733,-1.4783082307045195e-18
102.07088255733147,-1.4647384806297617e-18
102.32105628908964,-1.4511678002220362e-18
102.5712300208478,-1.4375972243780468e-18
102.82140375260597,-1.4240277879865207e-18
103.07157748436413,-1.410460525849294e-18
103.3217512161223,-1.3968964726023903e-18
103.57192494788046,-1.3833366626371266e-18
103.82209867963863,-1.3697821300212294e-18
104.0722724113968,-1.3562339084199732e-18
104.32244614315496,-1.3426930310173588e-18
104.57261987491313,-1.3291605304373175e-18
104.8227936066713,-1.3156374386649689e-18
105.07296733842946,-1.3021247869679166e-18
105.32314107018762,-1.2886236058176101e-18
105.57331480194578,-1.2751349248107535e-18
105.82348853370395,-1.2616597725907956e-18
106.07366226546212,-1.2481991767694842e-18
106.32383599722029,-1.2347541638484976e-18
106.57400972897845,-1.221325759141168e-18
106.82418346073662,-1.207914986694287e-18
107.07435719249477,-1.1945228692100181e-18
107.32453092425294,-1.181150427967897e-18
107.57470465601111,-1.1677986827469588e-18
107.82487838776927,-1.1544686517479614e-18
108.07505211952744,-1.1411613515157452e-18
108.32522585128561,-1.1278777968617047e-18
108.57539958304378,-1.1146190007864051e-18
108.82557331480194,-1.1013859744023269e-18
109.07574704656011,-1.08817972685676e-18
109.32592077831826,-1.07500126525485e-18
109.57609451007643,-1.0618515945827883e-18
109.8262682418346,-1.0487317176311816e-18
110.07644197359276,-1.035642634918572e-18
110.32661570535093,-1.0225853446151434e-18
110.5767894371091,-1.0095608424665952e-18
110.82696316886727,-9.965701217182137e-19
111.07713690062542,-9.83614173039122e-19
111.32731063238359,-9.706939844467325e-19
111.57748436414175,-9.578105412314061e-19
111.82765809589992,-9.449648258813069e-19
112.07783182765809,-9.321578180074842e-19
112.32800555941625,-9.193904942691621e-19
112.57817929117442,-9.066638282992652e-19
112.82835302293259,-8.939787906301642e-19
113.07852675469076,-8.813363486196682e-19
113.32870048644891,-8.687374663772508e-19
113.57887421820708,-8.561831046905285e-19
113.82904794996524,-8.436742209519908e-19
114.07922168172341,-8.312117690859926e-19
114.32939541348158,-8.187966994760033e-19
114.57956914523974,-8.064299588921337e-19
114.82974287699791,-7.941124904189367e-19
115.07991660875606,-7.818452333834847e-19
115.33009034051423,-7.696291232837387e-19
115.5802640722724,-7.574650917172077e-19
115.83043780403057,-7.453540663099027e-19
116.08061153578873,-7.332969706456028e-19
116.3307852675469,-7.212947241954141e-19
116.58095899930507,-7.0934824224765655e-19
116.83113273106324,-6.974584358380621e-19
117.0813064628214,-6.856262116803038e-19
117.33148019457956,-6.738524720968441e-19
117.58165392633772,-6.621381149501227e-19
117.83182765809589,-6.504840335740971e-19
118.08200138985406,-6.3889111670610415e-19
118.33217512161222,-6.273602484190924e-19
118.58234885337039,-6.158923080541994e-19
118.83252258512856,-6.044881701536992e-19
119.08269631688671,-5.931487043943014e-19
119.33287004864488,-5.818747755208362e-19
119.58304378040305,-5.7066724328030695e-19
119.83321751216121,-5.595269623563263e-19
120.08339124391938,-5.484547823039386e-19
120.33356497567755,-5.3745154748483105e-19
120.58373870743571,-5.265180970029483e-19
120.83391243919388,-5.156552646404955e-19
121.08408617095205,-5.048638787943584e-19
121.3342599027102,-4.941447624129298e-19
121.58443363446837,-4.834987329333504e-19
121.83460736622654,-4.729266022191718e-19
122.0847810979847,-4.624291764984469e-19
122.33495482974287,-4.520072563022413e-19
122.58512856150104,-4.416616364035889e-19
122.8353022932592,-4.313931057568816e-19
123.08547602501736,-4.212024474377076e-19
123.33564975677552,-4.110904385831249e-19
123.58582348853369,-4.0105785033240663e-19
123.83599722029186,-3.911054477682316e-19
124.08617095205003,-3.8123398985833555e-19
124.33634468380819,-3.7144422939763576e-19
124.58651841556636,-3.617369129508223e-19
124.83669214732453,-3.521127807954274e-19
125.0868658790827,-3.4257256686536734e-19
125.33703961084085,-3.3311699869497616e-19
125.58721334259901,-3.23746797363524e-19
125.83738707435718,-3.144626774402267e-19
126.08756080611535,-3.0526534692975343e-19
126.33773453787352,-2.9615550721823345e-19
126.58790826963168,-2.8713385301977256e-19
126.83808200138985,-2.7820107232346852e-19
127.088255733148,-2.6935784634094836e-19
127.33842946490617,-2.606048494544195e-19
127.58860319666434,-2.51942749165241e-19
127.8387769284225,-2.4337220604301893e-19
128.08895066018067,-2.348938736752357e-19
128.33912439193884,-2.2650839861740144e-19
128.589298123697,-2.182164203437524e-19
128.83947185545517,-2.1001857119848275e-19
129.08964558721334,-2.0191547634752262e-19
129.3398193189715,-1.939077537308657e-19
129.58999305072967,-1.8599601401543983e-19
129.84016678248784,-1.7818086054854203e-19
130.090340514246,-1.7046288931182539e-19
130.34051424600415,-1.6284268887585341e-19
130.59068797776231,-1.553208403552078e-19
130.84086170952048,-1.478979173641811e-19
131.09103544127865,-1.4057448597302887e-19
131.34120917303682,-1.3335110466480115e-19
131.59138290479498,-1.262283242927561e-19
131.84155663655315,-1.1920668803834713e-19
132.09173036831132,-1.1228673136980315e-19
132.34190410006948,-1.0546898200129302e-19
132.59207783182765,-9.875395985268407e-20
132.84225156358582,-9.214217700988945e-20
133.092425295344,-8.563413768581883e-20
133.34259902710215,-7.923033818192766e-20
133.59277275886032,-7.293126685036935e-20
133.8429464906185,-6.673740405675164e-20
134.09312022237663,-6.064922214350656e-20
134.3432939541348,-5.466718539386668e-20
134.59346768589296,-4.8791749996462514e-20
134.84364141765113,-4.302336401053264e-20
135.0938151494093,-3.736246733175257e-20
135.34398888116746,-3.180949165869137e-20
135.59416261292563,-2.6364860459887508e-20
135.8443363446838,-2.1028988941559303e-20
136.09451007644196,-1.5802284015936652e-20
136.34468380820013,-1.068514427023392e-20
136.5948575399583,-5.677959936250292e-21
136.84503127171646,-7.811128606154974e-22
137.09520500347463,4.005023524334672e-21
137.3453787352328,8.680084229034012e-21
137.59555246699097,1.3243712734518866e-20
137.84572619874913,1.7695561019618406e-20
138.0958999305073,2.2035289587492403e-20
138.34607366226544,2.6262567491522853e-20
138.5962473940236,3.0377072360552137e-20
138.84642112578177,3.437849042346539e-20
139.09659485753994,3.826651653311865e-20
139.3467685892981,4.204085418961101e-20
139.59694232105628,4.5701215562894483e-20
139.84711605281444,4.9247321514723797e-20
140.0972897845726,5.2678901619944294e-20
140.34746351633078,5.599569418711228e-20
140.59763724808894,5.91974462784544e-20
140.8478109798471,6.228391372915486e-20
141.09798471160528,6.525486116597648e-20
141.34815844336345,6.811006202520805e-20
141.5983321751216,7.084929856994472e-20
141.84850590687978,7.347236190669088e-20
142.09867963863792,7.597905200129031e-20
142.34885337039609,7.836917769418299e-20
142.59902710215425,8.064255671497897e-20
142.84920083391242,8.279901569636137e-20
143.0993745656706,8.483839018730641e-20
143.34954829742875,8.676052466562402e-20
143.59972202918692,8.856527254981862e-20
143.8498957609451,9.025249621026646e-20
144.10006949270326,9.182206697971216e-20
144.35024322446142,9.327386516308089e-20
144.6004169562196,9.46077800466046e-20
144.85059068797776,9.582370990626762e-20
145.10076441973592,9.69215620155618e-20
145.3509381514941,9.790125265255986e-20
145.60111188325226,9.876270710629734e-20
145.85128561501043,9.950585968247302e-20
146.1014593467686,1.0013065370845681e-19
146.35163307852673,1.0063704153761205e-19
146.6018068102849,1.0102498455292924e-19
146.85198054204307,1.0129445316997069e-19
147.10215427380123,1.0144542683912723e-19
147.3523280055594,1.0147789404718428e-19
147.60250173731757,1.0139185231820038e-19
147.85267546907573,1.0118730821369694e-19
148.1028492008339,1.0086427733215596e-19
148.35302293259207,1.0042278430783187e-19
148.60319666435024,9.986286280887266e-20
148.8533703961084,9.918455553475201e-20
149.10354412786657,9.838791421301367e-20
149.35371785962474,9.747299959532586e-20
149.6038915913829,9.643988145284938e-20
149.85406532314107,9.528863857091547e-20
150.1042390548992,9.401935874302005e-20
150.35441278665738,9.26321387641253e-20
150.60458651841554,9.112708442328101e-20
150.8547602501737,8.950431049555577e-20
151.10493398193188,8.776394073328433e-20
151.35510771369005,8.590610785663096e-20
151.6052814454482,8.393095354346695e-20
151.85545517720638,8.183862841856767e-20
152.10562890896455,7.9629292042125e-20
152.35580264072271,7.730311289758024e-20
152.60597637248088,7.486026837877432e-20
152.85615010423905,7.230094477642084e-20
153.10632383599722,6.962533726389926e-20
153.35649756775538,6.68336498823709e-20
153.60667129951355,6.39260955252196e-20
153.85684503127172,6.09028959218145e-20
154.10701876302988,5.776428162060357e-20
154.35719249478802,5.451049197153074e-20
154.6073662265462,5.114177510778236e-20
154.85753995830436,4.76583879268661e-20
155.10771369006252,4.4060596071019785e-20
155.3578874218207,4.03486739069518e-20
155.60806115357886,3.6522904504921807e-20
155.85823488533703,3.258357961714896e-20
156.1084086170952,2.853099965556704e-20
156.35858234885336,2.436547366891203e-20
156.60875608061153,2.0087319319157608e-20
156.8589298123697,1.5696862857286748e-20
157.10910354412786,1.1194439098413911e-20
157.35927727588603,6.580391396251833e-21
157.6094510076442,1.8550716169263865e-21
157.85962473940236,-2.981159887853545e-21
158.1097984711605,-7.927934308280053e-21
158.35997220291867,-1.2984874404570943e-20
158.61014593467684,-1.8151594535735812e-20
158.860319666435,-2.3427700688985764e-20
159.11049339819317,-2.8812790509781967e-20
159.36066712995134,-3.4306453332518216e-20
159.6108408617095,-3.990827021183829e-20
159.86101459346767,-4.5617813954585016e-20
160.11118832522584,-5.1434649152375434e-20
160.361362056984,-5.735833221480943e-20
160.61153578874217,-6.338841140329445e-20
160.86170952050034,-6.952442686549634e-20
161.1118832522585,-7.576591067040553e-20
161.36205698401668,-8.21123868440249e-20
161.61223071577484,-8.856337140566431e-20
161.862404447533,-9.511837240485164e-20
162.11257817929118,-1.0177688995884428e-19
162.36275191104932,-1.085384162907547e-19
162.61292564280748,-1.1540243576827298e-19
162.86309937456565,-1.223684249429856e-19
163.11327310632382,-1.294358525902964e-19
163.36344683808198,-1.3660417974993492e-19
163.61362056984015,-1.4387285976706088e-19
163.86379430159832,-1.512413383339495e-19
164.11396803335649,-1.5870905353226397e-19
164.36414176511465,-1.6627543587590525e-19
164.61431549687282,-1.7393990835444373e-19
164.864489228631,-1.8170188647712057e-19
165.11466296038915,-1.8956077831742101e-19
165.36483669214732,-1.9751598455821244e-19
165.6150104239055,-2.0556689853745245e-19
165.86518415566366,-2.1371290629444948e-19
166.1153578874218,-2.2195338661668277e-19
166.36553161917996,-2.30287711087182e-19
166.61570535093813,-2.387152441324391e-19
166.8658790826963,-2.472353430708878e-19
167.11605281445446,-2.5584735816190804e-19
167.36622654621263,-2.645506326553787e-19
167.6164002779708,-2.733445028417564e-19
167.86657400972896,-2.82228298102695e-19
168.11674774148713,-2.9120134096218454e-19
168.3669214732453,-3.002629471382158e-19
168.61709520500347,-3.094124255949606e-19
168.86726893676163,-3.1864907859547534e-19
169.1174426685198,-3.2797220175490637e-19
169.36761640027797,-3.3738108409420767e-19
169.61779013203613,-3.4687500809435974e-19
169.8679638637943,-3.564532497510852e-19
170.11813759555247,-3.66115078630066e-19
170.3683113273106,-3.758597579226407e-19
170.61848505906877,-3.8568654450200046e-19
170.86865879082694,-3.9559468897984974e-19
171.1188325225851,-4.0558343576356315e-19
171.36900625434328,-4.1565202311380264e-19
171.61917998610144,-4.257996832026091e-19
171.8693537178596,-4.360256421719566e-19
172.11952744961778,-4.463291201927623e-19
172.36970118137594,-4.5670933152436625e-19
172.6198749131341,-4.671654845744382e-19
172.87004864489228,-4.776967819593591e-19
173.12022237665045,-4.883024205650157e-19
173.3703961084086,-4.989815916080515e-19
173.62056984016678,-5.0973348069755095e-19
173.87074357192495,-5.205572678971325e-19
174.1209173036831,-5.314521277874825e-19
174.37109103544125,-5.424172295293054e-19
174.62126476719942,-5.534517369266803e-19
174.8714384989576,-5.645548084908214e-19
175.12161223071575,-5.757255975042656e-19
175.37178596247392,-5.869632520854273e-19
175.6219596942321,-5.982669152535691e-19
175.87213342599026,-6.096357249941628e-19
176.12230715774842,-6.21068814324611e-19
176.3724808895066,-6.325653113603715e-19
176.62265462126476,-6.44124339381453e-19
176.87282835302292,-6.557450168992574e-19
177.1230020847811,-6.674264577238212e-19
177.37317581653926,-6.7916777103137875e-19
177.62334954829743,-6.90968061432304e-19
177.8735232800556,-7.028264290393996e-19
178.12369701181376,-7.147419695365054e-19
178.3738707435719,-7.267137742474803e-19
178.62404447533007,-7.38740930205479e-19
178.87421820708823,-7.508225202225933e-19
179.1243919388464,-7.6295762295977785e-19
179.37456567060457,-7.751453129971299e-19
179.62473940236274,-7.873846609044454e-19
179.8749131341209,-7.996747333121037e-19
180.12508686587907,-8.120145929822541e-19
180.37526059763724,-8.244032988802713e-19
180.6254343293954,-8.368399062465396e-19
180.87560806115357,-8.49323466668481e-19
181.12578179291174,-8.618530281528895e-19
181.3759555246699,-8.744276351985374e-19
181.62612925642807,-8.870463288690254e-19
181.87630298818624,-8.997081468659199e-19
182.12647671994438,-9.124121236021419e-19
182.37665045170255,-9.25157290275597e-19
182.6268241834607,-9.379426749430491e-19
182.87699791521888,-9.507673025942586e-19
183.12717164697705,-9.636301952263173e-19
183.3773453787352,-9.765303719182395e-19
183.62751911049338,-9.894668489057741e-19
183.87769284225155,-1.0024386396564104e-18
184.12786657400972,-1.01544475494462e-18
184.37804030576788,-1.0284842029273e-18
184.62821403752605,-1.0415559892193953e-18
184.87838776928422,-1.0546591169697498e-18
185.12856150104238,-1.0677925869371071e-18
185.37873523280055,-1.0809553975663215e-18
185.62890896455872,-1.0941465450647433e-18
185.87908269631689,-1.1073650234787526e-18
186.12925642807505,-1.1206098247704804e-18
186.3794301598332,-1.133879938894687e-18
186.62960389159136,-1.1471743538757827e-18
186.87977762334953,-1.1604920558849919e-18
187.1299513551077,-1.1738320293176874e-18
187.38012508686586,-1.1871932568708203e-18
187.63029881862403,-1.200574719620508e-18
187.8804725503822,-1.213975397099745e-18
188.13064628214036,-1.227394267376207e-18
188.38082001389853,-1.2408303071301916e-18
188.6309937456567,-1.2542824917326645e-18
188.88116747741486,-1.2677497953233785e-18
189.13134120917303,-1.281231190889127e-18
189.3815149409312,-1.2947256503420442e-18
189.63168867268936,-1.3082321445980164e-18
189.88186240444753,-1.3217496436551663e-18
190.13203613620567,-1.3352771166723829e-18
190.38220986796384,-1.3488135320479539e-18
190.632383599722,-1.362357857498214e-18
190.88255733148017,-1.375909060136289e-18
191.13273106323834,-1.389466106550841e-18
191.3829047949965,-1.4030279628848979e-18
191.63307852675467,-1.416593594914676e-18
191.88325225851284,-1.4301619681284582e-18
192.133425990271,-1.443732047805494e-18
192.38359972202917,-1.4573027990948867e-18
192.63377345378734,-1.470873187094534e-18
192.8839471855455,-1.48444217693003e-18
193.13412091730368,-1.498008733833592e-18
193.38429464906184,-1.5115718232229804e-18
193.63446838082,-1.5251304107803794e-18
193.88464211257818,-1.5386834625312813e-18
194.13481584433634,-1.5522299449233464e-18
194.38498957609448,-1.5657688249052014e-18
194.63516330785265,-1.5792990700052391e-18
194.88533703961082,-1.5928196484103465e-18
195.13551077136898,-1.6063295290445846e-18
195.38568450312715,-1.6198276816478237e-18
195.63585823488532,-1.6333130768543192e-18
195.8860319666435,-1.6467846862711943e-18
196.13620569840165,-1.6602414825568725e-18
196.38637943015982,-1.6736824394994321e-18
196.636553161918,-1.687106532094844e-18
196.88672689367615,-1.7005127366251614e-18
197.13690062543432,-1.7139000307365683e-18
197.3870743571925,-1.727267393517353e-18
197.63724808895066,-1.74061380557577e-18
197.88742182070882,-1.75393824911776e-18
198.13759555246696,-1.767239708024588e-18
198.38776928422513,-1.7805171679303102e-18
198.6379430159833,-1.793769616299152e-18
198.88811674774146,-1.806996042502702e-18
199.13829047949963,-1.8201954378970027e-18
199.3884642112578,-1.8333667958994514e-18
199.63863794301596,-1.84650911206557e-18
199.88881167477413,-1.8596213841656118e-18
200.1389854065323,-1.872702612260972e-18
200.38915913829047,-1.885751798780465e-18
200.63933287004863,-1.8987679485963794e-18
200.8895066018068,-1.911750069100375e-18
201.13968033356497,-1.9246971702791857e-18
201.38985406532314,-1.9376082647901033e-18
201.6400277970813,-1.950482368036278e-18
201.89020152883947,-1.9633184982418143e-18
202.14037526059764,-1.9761156765266187e-18
202.39054899235578,-1.9888729269810713e-18
202.64072272411394,-2.001589276740437e-18
202.8908964558721,-2.0142637560590528e-18
203.14107018763028,-2.0268953983842852e-18
203.39124391938844,-2.0394832404302474e-18
203.6414176511466,-2.0520263222512424e-18
203.89159138290478,-2.0645236873149766e-18
204.14176511466295,-2.0769743825755143e-18
204.3919388464211,-2.0893774585459345e-18
204.64211257817928,-2.101731969370764e-18
204.89228630993745,-2.1140369728980867e-18
205.1424600416956,-2.1262915307514e-18
205.39263377345378,-2.138494708401185e-18
205.64280750521195,-2.150645575236156e-18
205.89298123697012,-2.1627432046342365e-18
206.14315496872825,-2.1747866740332296e-18
206.39332870048642,-2.1867750650011657e-18
206.6435024322446,-2.198707463306335e-18
206.89367616400276,-2.210582958987025e-18
207.14384989576092,-2.222400646420895e-18
207.3940236275191,-2.234159624394047e-18
207.64419735927726,-2.245858996169759e-18
207.89437109103542,-2.257497869556856e-18
208.1445448227936,-2.2690753569777546e-18
208.39471855455176,-2.2805905755361565e-18
208.64489228630993,-2.2920426470843633e-18
208.8950660180681,-2.3034306982902597e-18
209.14523974982626,-2.3147538607038996e-18
209.39541348158443,-2.32601127082374e-18
209.6455872133426,-2.3372020701624984e-18
209.89576094510076,-2.3483254053126037e-18
210.14593467685893,-2.3593804280112973e-18
210.39610840861707,-2.3703662952053013e-18
210.64628214037523,-2.381282169115129e-18
210.8964558721334,-2.3921272172989544e-18
211.14662960389157,-2.4029006127161134e-18
211.39680333564974,-2.4136015337901567e-18
211.6469770674079,-2.42422916447151e-18
211.89715079916607,-2.4347826942997147e-18
212.14732453092424,-2.445261318465213e-18
212.3974982626824,-2.4556642378707452e-18
212.64767199444057,-2.46599065919227e-18
212.89784572619874,-2.4762397949394723e-18
213.1480194579569,-2.4864108635158203e-18
213.39819318971507,-2.49650308927816e-18
213.64836692147324,-2.5065157025958704e-18
213.8985406532314,-2.5164479399095617e-18
214.14871438498955,-2.5262990437892905e-18
214.3988881167477,-2.5360682629923342e-18
214.64906184850588,-2.5457548525204754e-18
214.89923558026405,-2.5553580736768117e-18
215.14940931202221,-2.564877194122091e-18
215.39958304378038,-2.574311487930567e-18
215.64975677553855,-2.5836602356453447e-18
215.89993050729672,-2.5929227243332552e-18
216.15010423905488,-2.6020982476392246e-18
216.40027797081305,-2.6111861058401314e-18
216.65045170257122,-2.6201856058981796e-18
216.90062543432938,-2.6290960615137384e-18
217.15079916608755,-2.6379167931776834e-18
217.40097289784572,-2.6466471282232222e-18
217.6511466296039,-2.6552864008771787e-18
217.90132036136205,-2.663833952310779e-18
218.15149409312022,-2.6722891306898813e-18
218.40166782487836,-2.68065129122469e-18
218.65184155663653,-2.688919796218931e-18
218.9020152883947,-2.6970940151184768e-18
219.15218902015286,-2.7051733245594327e-18
219.40236275191103,-2.713157108415674e-18
219.6525364836692,-2.7210447578458393e-18
219.90271021542736,-2.7288356713397474e-18
220.15288394718553,-2.736529254764282e-18
220.4030576789437,-2.744124921408689e-18
220.65323141070186,-2.751622092029323e-18
220.90340514246003,-2.7590201948938267e-18
221.1535788742182,-2.766318665824719e-18
221.40375260597636,-2.7735169482424263e-18
221.65392633773453,-2.78061449320773e-18
221.9041000694927,-2.7876107594636186e-18
222.15427380125084,-2.7945052134765746e-18
222.404447533009,-2.8012973294772563e-18
222.65462126476717,-2.8079865895005904e-18
222.90479499652534,-2.814572483425275e-18
223.1549687282835,-2.8210545090126852e-18
223.40514246004167,-2.8274321719451652e-18
223.65531619179984,-2.8337049858637293e-18
223.905489923558,-2.8398724724051565e-18
224.15566365531618,-2.845934161238458e-18
224.40583738707434,-2.851889590100759e-18
224.6560111188325,-2.8577383048325383e-18
224.90618485059068,-2.8634798594122686e-18
225.15635858234884,-2.8691138159904325e-18
225.406532314107,-2.8746397449229054e-18
225.65670604586518,-2.8800572248037248e-18
225.90687977762335,-2.885365842497228e-18
226.1570535093815,-2.8905651931695528e-18
226.40722724113965,-2.8956548803195142e-18
226.65740097289782,-2.9006345158088418e-18
226.90757470465599,-2.9055037198917736e-18
227.15774843641415,-2.91026212124402e-18
227.40792216817232,-2.9149093569910836e-18
227.6580958999305,-2.919445072735924e-18
227.90826963168865,-2.92386892258599e-18
228.15844336344682,-2.928180569179596e-18
228.408617095205,-2.9323796837116485e-18
228.65879082696316,-2.936465945958721e-18
228.90896455872132,-2.940439044303474e-18
229.1591382904795,-2.9442986757584175e-18
229.40931202223766,-2.9480445459890214e-18
229.65948575399582,-2.951676369336155e-18
229.909659485754,-2.9551938688378773e-18
230.15983321751213,-2.9585967762505525e-18
230.4100069492703,-2.9618848320693116e-18
230.66018068102846,-2.9650577855478365e-18
230.91035441278663,-2.968115394717488e-18
231.1605281445448,-2.9710574264057528e-18
231.41070187630297,-2.9738836562540286e-18
231.66087560806113,-2.9765938687347316e-18
231.9110493398193,-2.979187857167735e-18
232.16122307157747,-2.9816654237361278e-18
232.41139680333563,-2.984026379501301e-18
232.6615705350938,-2.9862705444173577e-18
232.91174426685197,-2.9883977473448407e-18
233.16191799861014,-2.9904078260637854e-18
233.4120917303683,-2.992300627286091e-18
233.66226546212647,-2.9940760066672077e-18
233.91243919388464,-2.995733828817147e-18
234.1626129256428,-2.9972739673108053e-18
234.41278665740094,-2.9986963046976052e-18
234.6629603891591,-3.000000732510452e-18
234.91313412091728,-3.001187151274007e-18
235.16330785267544,-3.0022554705122715e-18
235.4134815844336,-3.003205608755486e-18
235.66365531619178,-3.004037493546345e-18
235.91382904794995,-3.0047510614455226e-18
236.1640027797081,-3.005346258036508e-18
236.41417651146628,-3.005823037929759e-18
236.66435024322445,-3.0061813647661582e-18
236.91452397498261,-3.0064212112197917e-18
237.16469770674078,-3.0065425590000286e-18
237.41487143849895,-3.0065453988529168e-18
237.66504517025712,-3.0064297305618904e-18
237.91521890201528,-3.0061955629477843e-18
238.16539263377342,-3.0058429138681624e-18
238.4155663655316,-3.005371810215955e-18
238.66574009728976,-3.00478228791741e-18
238.91591382904792,-3.0040743919293503e-18
239.1660875608061,-3.003248176235747e-18
239.41626129256426,-3.0023037038436035e-18
239.66643502432242,-3.001241046778149e-18
239.9166087560806,-3.0000602860773452e-18
240.16678248783876,-2.9987615117857087e-18
240.41695621959693,-2.997344822947444e-18
240.6671299513551,-2.9958103275988874e-18
240.91730368311326,-2.9941581427602716e-18
241.16747741487143,-2.9923883944268003e-18
241.4176511466296,-2.9905012175590407e-18
241.66782487838776,-2.9884967560726293e-18
241.91799861014593,-2.9863751628272984e-18
242.1681723419041,-2.9841365996152205e-18
242.41834607366224,-2.981781237148668e-18
242.6685198054204,-2.979309255046993e-18
242.91869353717857,-2.9767208418229356e-18
243.16886726893674,-2.974016194868243e-18
243.4190410006949,-2.9711955204386156e-18
243.66921473245307,-2.968259033637983e-18
243.91938846421124,-2.9652069584020955e-18
244.1695621959694,-2.9620395274814492e-18
244.41973592772757,-2.9587569824235367e-18
244.66990965948574,-2.9553595735544237e-18
244.9200833912439,-2.9518475599596637e-18
245.17025712300207,-2.9482212094645383e-18
245.42043085476024,-2.94448079861363e-18
245.6706045865184,-2.940626612649738e-18
245.92077831827658,-2.9366589454921226e-18
246.1709520500347,-2.9325780997140915e-18
246.42112578179288,-2.9283843865199248e-18
246.67129951355105,-2.924078125721145e-18
246.92147324530922,-2.919659645712126e-18
247.17164697706738,-2.915129283445051e-18
247.42182070882555,-2.910487384404218e-18
247.67199444058372,-2.9057343025796868e-18
247.92216817234188,-2.9008704004402936e-18
248.17234190410005,-2.895896048906003e-18
248.42251563585822,-2.8908116273196193e-18
248.67268936761639,-2.8856175234178673e-18
248.92286309937455,-2.8803141333018118e-18
249.17303683113272,-2.8749018614066617e-18
249.4232105628909,-2.869381120470922e-18
249.67338429464905,-2.8637523315049176e-18
249.92355802640722,-2.858015923758693e-18
250.1737317581654,-2.8521723346892693e-18
250.42390548992353,-2.8462220099272937e-18
250.6740792216817,-2.8401654032430453e-18
250.92425295343986,-2.834002976511842e-18
251.17442668519803,-2.8277351996788056e-18
251.4246004169562,-2.821362550723036e-18
251.67477414871436,-2.8148855156211535e-18
251.92494788047253,-2.8083045883102366e-18
252.1751216122307,-2.8016202706501632e-18
252.42529534398886,-2.7948330723853274e-18
252.67546907574703,-2.787943511105777e-18
252.9256428075052,-2.780952112207738e-18
253.17581653926337,-2.7738594088535435e-18
253.42599027102153,-2.7666659419309836e-18
253.6761640027797,-2.759372260012052e-18
253.92633773453787,-2.7519789193111103e-18
254.176511466296,-2.7444864836424776e-18
254.42668519805417,-2.7368955243774285e-18
254.67685892981234,-2.7292066204006206e-18
254.9270326615705,-2.7214203580659546e-18
255.17720639332867,-2.7135373311518556e-18
255.42738012508684,-2.7055581408159862e-18
255.677553856845,-2.697483395549413e-18
255.92772758860318,-2.6893137111301953e-18
256.17790132036134,-2.681049710576428e-18
256.4280750521195,-2.6726920240987335e-18
256.6782487838777,-2.664241289052195e-18
256.9284225156358,-2.655698149887761e-18
257.178596247394,-2.6470632581030916e-18
257.42876997915215,-2.638337272192882e-18
257.67894371091035,-2.6295208575986376e-18
257.9291174426685,-2.620614686657938e-18
258.1792911744267,-2.611619438553157e-18
258.4294649061848,-2.6025357992596736e-18
258.679638637943,-2.59336446149355e-18
258.92981236970115,-2.5841061246587193e-18
259.17998610145935,-2.5747614947936358e-18
259.4301598332175,-2.565331284517446e-18
259.6803335649757,-2.5558162129756285e-18
259.9305072967338,-2.546217005785169e-18
260.180681028492,-2.536534394979208e-18
260.43085476025016,-2.5267691189512378e-18
260.6810284920083,-2.5169219223987676e-18
260.9312022237665,-2.5069935562665486e-18
261.18137595552463,-2.4969847776893086e-18
261.4315496872828,-2.4868963499340012e-18
261.68172341904096,-2.4767290423416147e-18
261.93189715079916,-2.466483630268485e-18
262.1820708825573,-2.456160895027185e-18
262.4322446143155,-2.445761623826923e-18
262.68241834607363,-2.4352866097135353e-18
262.9325920778318,-2.4247366515089777e-18
263.18276580958997,-2.4141125537504354e-18
263.43293954134816,-2.4034151266289496e-18
263.6831132731063,-2.392645185927647e-18
263.9332870048645,-2.3818035529595156e-18
264.18346073662264,-2.3708910545047842e-18
264.4336344683808,-2.3599085227478605e-18
264.68380820013897,-2.348856795213873e-18
264.9339819318971,-2.337736714704814e-18
265.1841556636553,-2.3265491292352432e-18
265.43432939541344,-2.315294891967642e-18
265.68450312717164,-2.3039748611473313e-18
265.9346768589298,-2.2925899000370432e-18
266.184850590688,-2.2811408768510664e-18
266.4350243224461,-2.269628664689058e-18
266.6851980542043,-2.2580541414694384e-18
266.93537178596245,-2.24641818986247e-18
267.18554551772064,-2.234721697222912e-18
267.4357192494788,-2.222965555522381e-18
267.685892981237,-2.2111506612813045e-18
267.9360667129951,-2.1992779155005755e-18
268.18624044475325,-2.1873482235928225e-18
268.43641417651145,-2.1753624953133718e-18
268.6865879082696,-2.1633216446908768e-18
268.9367616400278,-2.1512265899575946e-18
269.1869353717859,-2.139078253479392e-18
269.4371091035441,-2.1268775616853706e-18
269.68728283530226,-2.1146254449972475e-18
269.93745656706045,-2.1023228377583807e-18
270.1876302988186,-2.0899706781625335e-18
270.4378040305768,-2.07756990818231e-18
270.6879777623349,-2.0651214734973406e-18
270.9381514940931,-2.0526263234221414e-18
271.18832522585126,-2.0400854108337497e-18
271.43849895760945,-2.0274996920990235e-18
271.6886726893676,-2.014870127001739e-18
271.9388464211258,-2.0021976786693742e-18
272.1890201528839,-1.989483313499683e-18
272.43919388464207,-1.9767280010869785e-18
272.68936761640026,-1.9639327141482014e-18
272.9395413481584,-1.951098428448746e-18
273.1897150799166,-1.9382261227280305e-18
273.43988881167473,-1.9253167786248887e-18
273.69006254343293,-1.9123713806026726e-18
273.94023627519107,-1.8993909158742116e-18
274.19041000694926,-1.8863763743265027e-18
274.4405837387074,-1.8733287484452423e-18
274.6907574704656,-1.8602490332391202e-18
274.94093120222374,-1.84713822616396e-18
275.19110493398193,-1.833997327046634e-18
275.44127866574007,-1.820827338008832e-18
275.69145239749827,-1.8076292633906337e-18
275.9416261292564,-1.7944041096739186e-18
276.1917998610146,-1.7811528854056053e-18
276.44197359277274,-1.7678766011207556e-18
276.6921473245309,-1.7545762692654943e-18
276.9423210562891,-1.7412529041198083e-18
277.1924947880472,-1.727907521720205e-18
277.4426685198054,-1.7145411397822116e-18
277.69284225156355,-1.7011547776227827e-18
277.94301598332174,-1.6877494560825572e-18
278.1931897150799,-1.674326197448014e-18
278.4433634468381,-1.660886025373503e-18
278.6935371785962,-1.6474299648031987e-18
278.9437109103544,-1.6339590418929176e-18
279.19388464211255,-1.6204742839318862e-18
279.44405837387075,-1.606976719264377e-18
279.6942321056289,-1.5934673772113094e-18
279.9444058373871,-1.5799472879917303e-18
280.1945795691452,-1.5664174826442816e-18
280.44475330090336,-1.5528789929485383e-18
280.69492703266155,-1.5393328513463444e-18
280.9451007644197,-1.5257800908630848e-18
281.1952744961779,-1.512221745028887e-18
281.445448227936,-1.4986588477998278e-18
281.6956219596942,-1.4850924334790606e-18
281.94579569145236,-1.4715235366379627e-18
282.19596942321056,-1.4579531920372139e-18
282.4461431549687,-1.444382434547919e-18
282.6963168867269,-1.4308122990726504e-18
282.94649061848503,-1.4172438204665597e-18
283.1966643502432,-1.4036780334584347e-18
283.44683808200136,-1.3901159725718141e-18
283.69701181375956,-1.3765586720460723e-18
283.9471855455177,-1.3630071657575706e-18
284.19735927727584,-1.349462487140795e-18
284.44753300903403,-1.3359256691095527e-18
284.69770674079217,-1.3223977439782202e-18
284.94788047255037,-1.3088797433829855e-18
285.1980542043085,-1.2953726982032068e-18
285.4482279360667,-1.2818776384827742e-18
285.69840166782484,-1.2683955933515814e-18
285.94857539958304,-1.254927590947021e-18
286.1987491313412,-1.2414746583356019e-18
286.44892286309937,-1.2280378214346005e-18
286.6990965948575,-1.2146181049338583e-18
286.9492703266157,-1.2012165322175992e-18
287.19944405837384,-1.1878341252864209e-18
287.44961779013204,-1.1744719046793316e-18
287.6997915218902,-1.1611308893959474e-18
287.9499652536484,-1.1478120968187594e-18
288.2001389854065,-1.134516542635573e-18
288.45031271716465,-1.1212452407620304e-18
288.70048644892285,-1.1079992032642964e-18
288.950660180681,-1.0947794402818965e-18
289.2008339124392,-1.08158695995065e-18
289.4510076441973,-1.0684227683258211e-18
289.7011813759555,-1.0552878693053738e-18
289.95135510771365,-1.0421832645534358e-18
290.20152883947185,-1.029109953423891e-18
290.45170257123,-1.01606893288419e-18
290.7018763029882,-1.0030611974392981e-18
290.9520500347463,-9.900877390558856e-19
291.2022237665045,-9.771495470866445e-19
291.45239749826266,-9.642476081948718e-19
291.70257123002085,-9.513829062792038e-19
291.952744961779,-9.38556422398604e-19
292.2029186935372,-9.257691346975283e-19
292.4530924252953,-9.130220183313518e-19
292.70326615705346,-9.003160453919865e-19
292.95343988881166,-8.876521848337532e-19
293.2036136205698,-8.750314023995095e-19
293.453787352328,-8.624546605469673e-19
293.70396108408613,-8.49922918375328e-19
293.9541348158443,-8.374371315521184e-19
294.20430854760247,-8.249982522403316e-19
294.45448227936066,-8.126072290257958e-19
294.7046560111188,-8.002650068448552e-19
294.954829742877,-7.879725269122893e-19
295.20500347463513,-7.7573072664955365e-19
295.45517720639333,-7.635405396132822e-19
295.70535093815147,-7.514028954240999e-19
295.95552466990966,-7.393187196957195e-19
296.2056984016678,-7.272889339643725e-19
296.45587213342594,-7.15314455618515e-19
296.70604586518414,-7.033961978288762e-19
296.9562195969423,-6.915350694788267e-19
297.20639332870047,-6.797319750950503e-19
297.4565670604586,-6.67987814778583e-19
297.7067407922168,-6.563034841361606e-19
297.95691452397494,-6.446798742119253e-19
298.20708825573314,-6.331178714194653e-19
298.4572619874913,-6.216183574742343e-19
298.7074357192495,-6.101822093262918e-19
298.9576094510076,-5.988102990934476e-19
299.2077831827658,-5.875034939947341e-19
299.45795691452395,-5.762626562842925e-19
299.70813064628214,-5.650886431855952e-19
299.9583043780403,-5.539823068261025e-19
300.2084781097984,-5.429444941722501e-19
300.4586518415566,-5.319760469648749e-19
300.70882557331475,-5.210778016550294e-19
300.95899930507295,-5.102505893401779e-19
301.2091730368311,-4.994952357008341e-19
301.4593467685893,-4.888125609375797e-19
301.7095205003474,-4.782033797085312e-19
301.9596942321056,-4.676685010671959e-19
302.20986796386376,-4.572087284007996e-19
302.46004169562195,-4.4682485936899e-19
302.7102154273801,-4.365176858430332e-19
302.9603891591383,-4.2628799384540667e-19
303.2105628908964,-4.1613656348987446e-19
303.4607366226546,-4.060641689219786e-19
303.71091035441276,-3.9607157826002078e-19
303.96108408617096,-3.8615955353646504e-19
304.2112578179291,-3.763288506398526e-19
304.46143154968723,-3.665802192571301e-19
304.71160528144543,-3.569144028164923e-19
304.96177901320357,-3.4733213843069413e-19
305.21195274496176,-3.378341568408227e-19
305.4621264767199,-3.284211823605884e-19
305.7123002084781,-3.1909393282107364e-19
305.96247394023624,-3.0985311951600476e-19
306.21264767199443,-3.006994471474935e-19
306.46282140375257,-2.9163361377231877e-19
306.71299513551077,-2.826563107486661e-19
306.9631688672689,-2.737682226834287e-19
307.2133425990271,-2.6497002737998127e-19
307.46351633078524,-2.5626239578650624e-19
307.71369006254344,-2.4764599194481324e-19
307.9638637943016,-2.391214729397129e-19
308.21403752605977,-2.3068948884889295e-19
308.4642112578179,-2.223506826933638e-19
308.71438498957605,-2.141056903883987e-19
308.96455872133424,-2.059551406950524e-19
309.2147324530924,-1.978996551722145e-19
309.4649061848506,-1.89939848129198e-19
309.7150799166087,-1.8207632657890581e-19
309.9652536483669,-1.7430969019152629e-19
310.21542738012505,-1.666405312488156e-19
310.46560111188325,-1.590694345989174e-19
310.7157748436414,-1.5159697761177925e-19
310.9659485753996,-1.442237301351024e-19
311.2161223071577,-1.3695025445090282e-19
311.4662960389159,-1.2977710523261912e-19
311.71646977067405,-1.2270482950282348e-19
311.96664350243225,-1.1573396659149631e-19
312.2168172341904,-1.088650480949069e-19
312.4669909659485,-1.0209859783506486e-19
312.7171646977067,-9.543513181977617e-20
312.96733842946486,-8.887515820330243e-20
313.21751216122306,-8.241917724759064e-20
313.4676858929812,-7.606768128414104e-20
313.7178596247394,-6.982115467644834e-20
313.96803335649753,-6.368007378307609e-20
314.2182070882557,-5.764490692131858e-20
314.46838082001386,-5.1716114331497607e-20
314.71855455177206,-4.589414814185448e-20
314.9687282835302,-4.0179452334079917e-20
315.2189020152884,-3.457246270945025e-20
315.46907574704653,-2.907360685559682e-20
315.7192494788047,-2.3683304113892695e-20
315.96942321056287,-1.8401965547482594e-20
316.219596942321,-1.3229993909927219e-20
316.4697706740792,-8.16778361449199e-21
316.71994440583734,-3.2157207040732615e-21
316.97011813759553,1.625817178248761e-21
317.2202918693537,6.356460818001903e-21
317.47046560111187,1.0975849457482389e-20
317.72063933287,1.548363082326406e-20
317.9708130646282,1.9879461153066244e-20
318.22098679638634,2.4163005221963362e-20
318.47116052814454,2.8333936367954335e-20
318.7213342599027,3.2391936516869294e-20
318.97150799166087,3.6336696206630706e-20
319.221681723419,4.0167914610847177e-20
319.4718554551772,4.388529956176129e-20
319.72202918693534,4.748856757252106e-20
319.97220291869354,5.0977443858809094e-20
320.2223766504517,5.43516623597886e-20
320.4725503822098,5.761096575839945e-20
320.722724113968,6.075510550097817e-20
320.97289784572615,6.378384181621066e-20
321.22307157748435,6.669694373342312e-20
321.4732453092425,6.949418910018811e-20
321.7234190410007,7.217536459927415e-20
321.9735927727588,7.474026576490378e-20
322.223766504517,7.71886969983557e-20
322.47394023627515,7.952047158287406e-20
322.72411396803335,8.173541169791156e-20
322.9742876997915,8.383334843268694e-20
323.2244614315497,8.581412179906899e-20
323.4746351633078,8.767758074377353e-20
323.724808895066,8.942358315988812e-20
323.97498262682416,9.105199589770256e-20
324.22515635858235,9.256269477486834e-20
324.4753300903405,9.395556458586559e-20
324.72550382209863,9.523049911079046e-20
324.9756775538568,9.638740112345409e-20
325.22585128561497,9.742618239879743e-20
325.47602501737316,9.834676371962002e-20
325.7261987491313,9.9149074882619e-20
325.9763724808895,9.98330547037464e-20
326.22654621264763,1.0039865102287089e-19
326.47671994440583,1.0084582070775832e-19
326.72689367616397,1.0117452965736037e-19
326.97706740792216,1.013847528044146e-19
327.2272411396803,1.0147647411735613e-19
327.4774148714385,1.014496866015404e-19
327.72758860319664,1.0130439229977683e-19
327.97776233495483,1.0104060229217247e-19
328.22793606671297,1.0065833669528764e-19
328.4781097984711,1.0015762466060159e-19
328.7282835302293,9.953850437228854e-20
328.97845726198744,9.880102304430809e-20
329.22863099374564,9.794523691680153e-20
329.4788047255038,9.697121125180592e-20
329.728978457262,9.587902032827516e-20
329.9791521890201,9.466874743641681e-20
330.2293259207783,9.334048487133956e-20
330.47949965253645,9.189433392601575e-20
330.72967338429464,9.033040488355487e-20
330.9798471160528,8.864881700879653e-20
331.230020847811,8.684969853921137e-20
331.4801945795691,8.493318667512623e-20
331.7303683113273,8.289942756925669e-20
331.98054204308545,8.074857631556598e-20
332.2307157748436,7.848079693743337e-20
332.4808895066018,7.609626237514762e-20
332.7310632383599,7.359515447272146e-20
332.9812369701181,7.097766396401833e-20
333.23141070187626,6.824399045821221e-20
333.48158443363445,6.53943424245616e-20
333.7317581653926,6.242893717651578e-20
333.9819318971508,5.934800085513833e-20
334.2321056289089,5.615176841186542e-20
334.4822793606671,5.284048359058392e-20
334.73245309242526,4.941439890905094e-20
334.98262682418346,4.587377563962743e-20
335.2328005559416,4.221888378936214e-20
335.4829742876998,3.8450002079394374e-20
335.73314801945793,3.456741792370462e-20
335.9833217512161,3.057142740719035e-20
336.23349548297426,2.646233526309316e-20
336.4836692147324,2.224045484975393e-20
336.7338429464906,1.7906108126718035e-20
336.98401667824874,1.345962563018877e-20
337.23419041000693,8.901346447809613e-21
337.48436414176507,4.231618192815549e-21
337.73453787352327,-5.4920302248371005e-22
337.9847116052814,-5.440752613852791e-21
338.2348853370396,-1.0442657552942436e-20
338.48505906879774,-1.555453639572759e-20
338.73523280055593,-2.0775999311604926e-20
338.9854065323141,-2.6106648113114e-20
339.23558026407227,-3.154607628630741e-20
339.4857539958304,-3.709386902174829e-20
339.7359277275886,-4.2749603246149053e-20
339.98610145934674,-4.8512847654626335e-20
340.23627519110494,-5.438316274360143e-20
340.4864489228631,-6.036010084430784e-20
340.7366226546212,-6.644320615693837e-20
340.9867963863794,-7.263201478540066e-20
341.23697011813755,-7.892605477269154e-20
341.48714384989574,-8.532484613689145e-20
341.7373175816539,-9.182790090776603e-20
341.9874913134121,-9.84347231639837e-20
342.2376650451702,-1.051448090709244e-19
342.4878387769284,-1.119576469191136e-19
342.73801250868655,-1.18872717163234e-19
342.98818624044475,-1.2588949246175647e-19
343.2383599722029,-1.3300743771714467e-19
343.4885337039611,-1.4022601011667335e-19
343.7387074357192,-1.4754465917380624e-19
343.9888811674774,-1.549628267701965e-19
344.23905489923555,-1.624799471982309e-19
344.4892286309937,-1.7009544720418242e-19
344.7394023627519,-1.778087460319217e-19
344.98957609451,-1.856192554672015e-19
345.2397498262682,-1.9352637988252419e-19
345.48992355802636,-2.01529516282551e-19
345.74009728978456,-2.0962805435010128e-19
345.9902710215427,-2.178213764926761e-19
346.2404447533009,-2.261088578895777e-19
346.49061848505903,-2.3448986653953913e-19
346.7407922168172,-2.429637633089345e-19
346.99096594857537,-2.5152990198050707e-19
347.24113968033356,-2.6018762930266216e-19
347.4913134120917,-2.6893628503927027e-19
347.7414871438499,-2.777752020200331e-19
347.99166087560803,-2.8670370619133964e-19
348.2418346073662,-2.957211166676925e-19
348.49200833912437,-3.0482674578362026e-19
348.7421820708825,-3.1401989914611455e-19
348.9923558026407,-3.2329987568759696e-19
349.24252953439884,-3.3266596771936784e-19
349.49270326615704,-3.4211746098558934e-19
349.7428769979152,-3.516536347177388e-19
349.99305072967337,-3.612737616895921e-19
350.2432244614315,-3.70977108272659e-19
350.4933981931897,-3.8076293449215504e-19
350.74357192494784,-3.906304940834105e-19
350.99374565670604,-4.0057903454879664e-19
351.2439193884642,-4.1060779721509513e-19
351.4940931202224,-4.2071601729137103e-19
351.7442668519805,-4.309029239272791e-19
351.9944405837387,-4.411677402718667e-19
352.24461431549685,-4.515096835327918e-19
352.494788047255,-4.6192796503604555e-19
352.7449617790132,-4.724217902860817e-19
352.9951355107713,-4.829903590264005e-19
353.2453092425295,-4.9363286530059035e-19
353.49548297428765,-5.043484975137738e-19
353.74565670604585,-5.151364384945154e-19
353.995830437804,-5.259958655571233e-19
354.2460041695622,-5.369259505644051e-19
354.4961779013203,-5.479258599907964e-19
354.7463516330785,-5.589947549859548e-19
354.99652536483666,-5.701317914387049e-19
355.24669909659485,-5.813361200414299e-19
355.496872828353,-5.926068863548213e-19
355.7470465601112,-6.0394323087305575e-19
355.9972202918693,-6.153442890893243e-19
356.2473940236275,-6.268091915617759e-19
356.49756775538566,-6.383370639798062e-19
356.7477414871438,-6.4992702723073775e-19
356.997915218902,-6.615781974668693e-19
357.24808895066013,-6.732896861728606e-19
357.49826268241833,-6.8506060023350935e-19
357.74843641417647,-6.968900420018408e-19
357.99861014593466,-7.087771093675816e-19
358.2487838776928,-7.207208958259354e-19
358.498957609451,-7.327204905467311e-19
358.74913134120914,-7.447749784438666e-19
358.99930507296733,-7.568834402451019e-19
359.24947880472547,-7.690449525621584e-19
359.49965253648367,-7.812585879611456e-19
359.7498262682418,-7.935234150332701e-19
360.0,-8.05838498465884e-19
