Phi_fit,Counts_fit
0.0,0.5671286878918116
0.15006252605252188,0.5670351757280138
0.30012505210504375,0.5669535434113693
0.4501875781575656,0.5668837931817355
0.6002501042100875,0.5668259269529448
0.7503126302626094,0.5667799463127516
0.9003751563151312,0.56674585252279
1.0504376823676531,0.5667236465185375
1.200500208420175,0.5667133289092907
1.350562734472697,0.566714899978148
1.5006252605252188,0.5667283596820016
1.6506877865777407,0.5667537076515394
1.8007503126302624,0.5667909431912546
1.9508128386827843,0.5668400652794647
2.1008753647353062,0.5669010725683401
2.2509378907878284,0.5669739633839403
2.40100041684035,0.5670587357262604
2.5510629428928717,0.567155387269286
2.701125468945394,0.5672639153610568
2.8511879949979155,0.5673843170237391
3.0012505210504377,0.5675165889537084
3.1513130471029593,0.5676607275216388
3.3013755731554815,0.5678167287726037
3.451438099208003,0.5679845884261838
3.601500625260525,0.5681643018765844
3.751563151313047,0.5683558641927622
3.9016256773655686,0.5685592701185604
4.051688203418091,0.5687745140728528
4.2017507294706125,0.569001590149697
4.351813255523134,0.5692404921184966
4.501875781575657,0.5694912134241721
4.651938307628178,0.5697537471873406
4.8020008336807,0.5700280862045047
4.952063359733222,0.5703142229482503
5.102125885785743,0.5706121495674525
5.252188411838266,0.570921857887492
5.402250937890788,0.5712433394104788
5.552313463943309,0.5715765853154848
5.702375989995831,0.5719215864587877
5.852438516048354,0.5722783333741195
6.002501042100875,0.572646816272928
6.152563568153397,0.5730270250446449
6.302626094205919,0.5734189492569626
6.45268862025844,0.5738225781561215
6.602751146310963,0.5742379006672041
6.752813672363485,0.5746649053944397
6.902876198416006,0.5751035806215162
7.052938724468528,0.5755539143119026
7.20300125052105,0.5760158941091783
7.353063776573572,0.5764895073373727
7.503126302626094,0.5769747410013129
7.653188828678616,0.5774715817869802
7.803251354731137,0.5779800160618753
7.95331388078366,0.5785000298753931
8.103376406836182,0.579031608959204
8.253438932888704,0.5795747387276469
8.403501458941225,0.5801294042781288
8.553563984993747,0.5806955903915332
8.703626511046268,0.5812732815326387
8.85368903709879,0.5818624618505446
9.003751563151313,0.5824631151791057
9.153814089203834,0.5830752250373764
9.303876615256357,0.5836987746300628
9.453939141308878,0.584333746847983
9.6040016673614,0.5849801242685373
9.754064193413923,0.5856378891561854
9.904126719466444,0.5863070234629341
10.054189245518966,0.5869875088288314
10.204251771571487,0.5876793265824714
10.35431429762401,0.588382457741505
10.504376823676532,0.5890968830131629
10.654439349729053,0.5898225827947831
10.804501875781575,0.5905595371743495
10.954564401834096,0.5913077259310388
11.104626927886619,0.5920671285357738
11.254689453939141,0.5928377241517886
11.404751979991662,0.5936194916351987
11.554814506044185,0.594412409535582
11.704877032096707,0.5952164560965674
11.854939558149228,0.5960316092564314
12.00500208420175,0.5968578466487033
12.155064610254271,0.5976951456027797
12.305127136306794,0.5985434831445456
12.455189662359317,0.5994028359970054
12.605252188411837,0.6002731805809213
12.75531471446436,0.6011544930154604
12.90537724051688,0.6020467491188499
13.055439766569403,0.6029499244090404
13.205502292621926,0.6038639941043784
13.355564818674447,0.6047889331242852
13.50562734472697,0.6057247160899457
13.65568987077949,0.6066713173250049
13.805752396832013,0.6076287108562718
13.955814922884535,0.6085968704144329
14.105877448937056,0.6095757694347719
14.255939974989579,0.6105653810578999
14.4060025010421,0.6115656781304912
14.556065027094622,0.612576633206029
14.706127553147144,0.6135982185455582
14.856190079199665,0.6146304061184469
15.006252605252188,0.6156731676031549
15.15631513130471,0.6167264743880114
15.306377657357231,0.6177902975719998
15.456440183409754,0.6188646079655504
15.606502709462275,0.619949376091342
15.756565235514797,0.62104457218511
15.90662776156732,0.6221501661964637
16.05669028761984,0.6232661277897102
16.206752813672363,0.6243924263446874
16.356815339724886,0.6255290309576035
16.50687786577741,0.626675910441886
16.656940391829927,0.6278330333290356
16.80700291788245,0.6290003678694921
16.957065443934972,0.6301778820335033
17.107127969987495,0.6313655435120049
17.257190496040018,0.6325633197175072
17.407253022092537,0.6337711777849887
17.55731554814506,0.6349890845727979
17.70737807419758,0.6362170066635633
17.857440600250104,0.6374549103651095
18.007503126302627,0.6387027617113821
18.157565652355146,0.6399605264633796
18.30762817840767,0.641228170110093
18.45769070446019,0.6425056578694521
18.607753230512714,0.6437929546892809
18.757815756565236,0.6450900252482586
18.907878282617755,0.6463968339568888
19.057940808670278,0.6477133449584765
19.2080033347228,0.6490395221301115
19.358065860775323,0.6503753290836594
19.508128386827845,0.6517207291667608
19.658190912880364,0.6530756854638363
19.808253438932887,0.6544401607970995
19.95831596498541,0.6558141177275774
20.108378491037932,0.6571975185561373
20.258441017090455,0.6585903253245216
20.408503543142974,0.6599924998163886
20.558566069195496,0.6614040035583622
20.70862859524802,0.6628247978210866
20.85869112130054,0.6642548436202891
21.008753647353064,0.6656941017178505
21.158816173405583,0.6671425326228808
21.308878699458106,0.668600096592803
21.458941225510628,0.6700667536344442
21.60900375156315,0.6715424635051321
21.759066277615673,0.6730271857137999
21.909128803668192,0.6745208795220964
22.059191329720715,0.6760235039455051
22.209253855773238,0.6775350177544676
22.35931638182576,0.6790553794755151
22.509378907878283,0.680584547392407
22.659441433930805,0.6821224795472749
22.809503959983324,0.683669133741774
22.959566486035847,0.6852244675382408
23.10962901208837,0.6867884382608582
23.259691538140892,0.6883610029968255
23.409754064193415,0.6899421185975365
23.559816590245934,0.6915317416797633
23.709879116298456,0.6931298286268464
23.85994164235098,0.6947363355898921
24.0100041684035,0.6963512184889746
24.160066694456024,0.6979744330143469
24.310129220508543,0.699605934627655
24.460191746561065,0.701245678563161
24.610254272613588,0.7028936198289716
24.76031679866611,0.7045497132082716
24.910379324718633,0.7062139132605656
25.060441850771152,0.7078861743229234
25.210504376823675,0.7095664505112353
25.360566902876197,0.7112546957214686
25.51062942892872,0.7129508636309339
25.660691954981242,0.7146549076995559
25.81075448103376,0.7163667811711503
25.960817007086284,0.7180864370747071
26.110879533138807,0.7198138282256785
26.26094205919133,0.721548907227275
26.41100458524385,0.7232916264717641
26.56106711129637,0.7250419381417782
26.711129637348893,0.7267997942116258
26.861192163401416,0.728565146448609
27.01125468945394,0.730337946414348
27.16131721550646,0.732118145466109
27.31137974155898,0.7339056947581393
27.461442267611503,0.7357005452430081
27.611504793664025,0.7375026476729516
27.761567319716548,0.7393119526012242
27.91162984576907,0.7411284103834557
28.06169237182159,0.7429519711790136
28.211754897874112,0.7447825849523697
28.361817423926635,0.7466202014744743
28.511879949979157,0.748464770324133
28.66194247603168,0.7503162408893915
28.8120050020842,0.7521745623689234
28.96206752813672,0.7540396837734247
29.112130054189244,0.7559115539270118
29.262192580241766,0.7577901214686275
29.41225510629429,0.7596753348534485
29.56231763234681,0.7615671423543009
29.71238015839933,0.7634654920630782
29.862442684451853,0.7653703318921676
30.012505210504376,0.7672816095758772
30.1625677365569,0.7691992726718709
30.31263026260942,0.7711232685626079
30.46269278866194,0.7730535444567851
30.612755314714462,0.7749900473907868
30.762817840766985,0.7769327242301376
30.912880366819508,0.7788815216709601
31.06294289287203,0.7808363862414374
31.21300541892455,0.7827972643032804
31.36306794497707,0.7847641020532005
31.513130471029594,0.7867368455243837
31.663192997082117,0.7887154405879739
31.81325552313464,0.7906998329545563
31.96331804918716,0.7926899681756467
32.11338057523968,0.7946857916451886
32.263443101292204,0.796687248601047
32.413505627344726,0.7986942841265141
32.56356815339725,0.8007068431518156
32.71363067944977,0.8027248704556214
32.863693205502294,0.8047483106665597
33.01375573155482,0.8067771082647387
33.16381825760733,0.8088112075832681
33.313880783659855,0.8108505528097869
33.46394330971238,0.812895087987995
33.6140058357649,0.814944757019189
33.76406836181742,0.8169995036638003
33.914130887869945,0.8190592715429391
34.06419341392247,0.8211240041399416
34.21425593997499,0.8231936448019194
34.36431846602751,0.8252681367413156
34.514380992080035,0.8273474230374618
34.66444351813255,0.8294314466381403
34.81450604418507,0.8315201503611496
34.964568570237596,0.833613476895873
35.11463109629012,0.8357113688048521
35.26469362234264,0.8378137685253613
35.41475614839516,0.8399206183709884
35.564818674447686,0.8420318605332171
35.71488120050021,0.8441474370830129
35.86494372655273,0.8462672899724131
36.015006252605254,0.8483913610361188
36.16506877865777,0.8505195919930915
36.31513130471029,0.8526519244481522
36.465193830762814,0.8547882998935832
36.61525635681534,0.8569286597107342
36.76531888286786,0.8590729451716296
36.91538140892038,0.8612210974405811
37.065443934972905,0.8633730575758012
37.21550646102543,0.8655287665310207
37.36556898707795,0.8676881651571096
37.51563151313047,0.8698511942036984
37.66569403918299,0.8720177943208052
37.81575656523551,0.8741879060604641
37.96581909128803,0.8763614698783556
38.115881617340555,0.878538426135441
38.26594414339308,0.8807187150995985
38.4160066694456,0.8829022769472622
38.56606919549812,0.8850890517650639
38.716131721550646,0.8872789795514764
38.86619424760317,0.8894720002184605
39.01625677365569,0.8916680535931133
39.16631929970821,0.8938670794193194
39.31638182576073,0.8960690173594039
39.46644435181325,0.8982738069957887
39.616506877865774,0.9004813878326497
39.7665694039183,0.9026916992975766
39.91663192997082,0.9049046807432353
40.06669445602334,0.9071202714490316
40.216756982075864,0.9093384106227776
40.36681950812839,0.91155903740236
40.51688203418091,0.9137820908574089
40.66694456023343,0.916007509990971
40.81700708628595,0.9182352337411822
40.96706961233847,0.9204652009829438
41.11713213839099,0.9226973505295994
41.267194664443515,0.9249316211346135
41.41725719049604,0.9271679514932523
41.56731971654856,0.9294062802442657
41.71738224260108,0.931646545971571
41.867444768653606,0.9338886872059382
42.01750729470613,0.9361326424266763
42.16756982075865,0.9383783500633212
42.317632346811166,0.9406257484973258
42.46769487286369,0.9428747760637503
42.61775739891621,0.9451253710529539
42.767819924968734,0.9473774717122885
42.917882451021256,0.9496310162477926
43.06794497707378,0.9518859428258872
43.2180075031263,0.9541421895750725
43.368070029178824,0.9563996945876253
43.51813255523135,0.9586583959212975
43.66819508128387,0.9609182316010161
43.818257607336385,0.9631791396205834
43.96832013338891,0.9654410579443785
44.11838265944143,0.9677039245090596
44.26844518549395,0.9699676772252662
44.418507711546475,0.9722322539793239
44.568570237599,0.9744975926349474
44.71863276365152,0.9767636310349465
44.86869528970404,0.9790303070029309
45.018757815756565,0.981297558345017
45.16882034180909,0.9835653228515332
45.31888286786161,0.9858335382987278
45.468945393914126,0.9881021424504758
45.61900791996665,0.9903710730599875
45.76907044601917,0.992640267871515
45.919132972071694,0.9949096646220614
46.069195498124216,0.9971792010430888
46.21925802417674,0.999448814862227
46.36932055022926,1.0017184438049824
46.519383076281784,1.0039880255964462
46.66944560233431,1.006257497963003
46.81950812838683,1.0085267986340407
46.969570654439345,1.0107958653436573
47.11963318049187,1.0130646358323712
47.26969570654439,1.0153330478488278
47.41975823259691,1.0176010391515091
47.569820758649435,1.0198685475104403
47.71988328470196,1.0221355107088979
47.86994581075448,1.0244018665451171
48.020008336807,1.0266675528339975
48.170070862859525,1.0289325074088103
48.32013338891205,1.031196668122904
48.47019591496456,1.0334599728514084
48.620258441017086,1.0357223594929417
48.77032096706961,1.0379837659713116
48.92038349312213,1.0402441302372203
49.07044601917465,1.0425033902699665
49.220508545227176,1.0447614840791477
49.3705710712797,1.0470183497063599
49.52063359733222,1.0492739252268992
49.670696123384744,1.0515281487514594
49.820758649437266,1.0537809584278315
49.97082117548978,1.0560322924425996
50.120883701542304,1.0582820890228382
50.27094622759483,1.060530286437806
50.42100875364735,1.06277682300064
50.57107127969987,1.0650216370700492
50.721133805752395,1.0672646670520036
50.87119633180492,1.069505851401427
51.02125885785744,1.0717451286238837
51.17132138390996,1.0739824372772664
51.321383909962485,1.0762177159734823
51.47144643601501,1.0784509033801368
51.62150896206752,1.080681938222218
51.771571488120046,1.0829107592837757
51.92163401417257,1.0851373054096027
52.07169654022509,1.0873615155069127
52.22175906627761,1.0895833285470153
52.371821592330136,1.0918026835669923
52.52188411838266,1.094019519671369
52.67194664443518,1.0962337760337857
52.8220091704877,1.098445391898667
52.972071696540226,1.100654306582888
53.12213422259274,1.1028604594774398
53.272196748645264,1.105063790049093
53.42225927469779,1.1072642378420574
53.57232180075031,1.1094617424796422
53.72238432680283,1.1116562436659112
53.872446852855354,1.113847681187339
54.02250937890788,1.1160359949144616
54.1725719049604,1.1182211248035263
54.32263443101292,1.1204030108981406
54.472696957065445,1.1225815933309162
54.62275948311796,1.1247568123251113
54.77282200917048,1.1269286081962724
54.922884535223005,1.1290969213538697
55.07294706127553,1.1312616923029344
55.22300958732805,1.1334228616456894
55.37307211338057,1.1355803700831804
55.523134639433096,1.1377341584169016
55.67319716548562,1.1398841675504217
55.82325969153814,1.1420303384910033
55.97332221759066,1.1441726123512241
56.12338474364318,1.1463109303505903
56.2734472696957,1.148445233817151
56.423509795748224,1.1505754641891068
56.57357232180075,1.1527015630164186
56.72363484785327,1.1548234719624086
56.87369737390579,1.1569411328053643
57.023759899958314,1.159054487440132
57.17382242601084,1.1611634778797155
57.32388495206336,1.1632680462568634
57.47394747811588,1.1653681348256597
57.6240100041684,1.1674636859631056
57.77407253022092,1.169554642170703
57.92413505627344,1.1716409460760313
58.074197582325965,1.173722540434321
58.22426010837849,1.175799368130025
58.37432263443101,1.1778713721783853
58.52438516048353,1.1799384957269976
58.674447686536055,1.1820006820573699
58.82451021258858,1.18405787458648
58.9745727386411,1.1861100168683267
59.12463526469362,1.18815705259548
59.27469779074614,1.190198925600625
59.42476031679866,1.1922355798581037
59.574822842851184,1.1942669594854518
59.724885368903706,1.1962930087449326
59.87494789495623,1.1983136720450653
60.02501042100875,1.200328893942152
60.175072947061274,1.202338619141797
60.3251354731138,1.2043427925004255
60.47519799916632,1.2063413590267964
60.62526052521884,1.2083342638835102
60.77532305127136,1.210321452388515
60.92538557732388,1.2123028700166059
61.0754481033764,1.2142784624009217
61.225510629428925,1.216248175334436
61.37557315548145,1.2182119547714454
61.52563568153397,1.2201697468290515
61.67569820758649,1.2221214977886399
61.825760733639015,1.2240671540973544
61.97582325969154,1.2260066623695656
62.12588578574406,1.2279399693883366
62.275948311796576,1.229867022106882
62.4260108378491,1.2317877676500253
62.57607336390162,1.2337021533156478
62.72613588995414,1.2356101265761357
62.876198416006666,1.2375116350798208
63.02626094205919,1.2394066266524175
63.17632346811171,1.2412950492984547
63.326385994164234,1.2431768512027008
63.476448520216756,1.2450519807315876
63.62651104626928,1.2469203864346248
63.776573572321794,1.2487820170458142
63.92663609837432,1.2506368214850538
64.07669862442684,1.252484748859542
64.22676115047936,1.2543257484651713
64.37682367653188,1.2561597697879214
64.52688620258441,1.2579867625052448
64.67694872863693,1.2598066764874472
64.82701125468945,1.2616194617990635
64.97707378074197,1.263425068700227
65.1271363067945,1.2652234476480362
65.27719883284702,1.2670145492979115
65.42726135889954,1.2687983245049508
65.57732388495207,1.2705747243252778
65.72738641100459,1.2723437000173852
65.87744893705711,1.2741052030434705
66.02751146310963,1.2758591850707701
66.17757398916214,1.2776055979728833
66.32763651521466,1.2793443938310949
66.47769904126719,1.2810755249356882
66.62776156731971,1.282798943787255
66.77782409337223,1.2845146030979984
66.92788661942475,1.286222455793031
67.07794914547728,1.2879224550116666
67.2280116715298,1.2896145541087047
67.37807419758232,1.2912987066557116
67.52813672363484,1.2929748664422938
67.67819924968737,1.2946429874773664
67.82826177573989,1.2963030239904145
67.97832430179241,1.2979549304327493
68.12838682784493,1.2995986614787578
68.27844935389746,1.3012341720271463
68.42851187994998,1.3028614172021789
68.5785744060025,1.3044803523549071
68.72863693205502,1.3060909330643964
68.87869945810755,1.3076931151389446
69.02876198416007,1.3092868546172935
69.17882451021258,1.3108721077698369
69.3288870362651,1.3124488310998195
69.47894956231762,1.3140169813445297
69.62901208837015,1.3155765154764882
69.77907461442267,1.3171273907046266
69.92913714047519,1.3186695644754636
70.07919966652771,1.3202029944742715
70.22926219258024,1.321727638626237
70.37932471863276,1.3232434550976169
70.52938724468528,1.3247504022968843
70.6794497707378,1.3262484388758708
70.82951229679033,1.3277375237309017
70.97957482284285,1.3292176160039215
71.12963734889537,1.3306886750836175
71.2796998749479,1.332150660606533
71.42976240100042,1.3336035324581745
71.57982492705294,1.335047250774113
71.72988745310546,1.3364817759410772
71.87994997915798,1.3379070685980414
72.03001250521051,1.3393230896373043
72.18007503126303,1.340729800205563
72.33013755731554,1.3421271617049786
72.48020008336806,1.3435151357942352
72.63026260942058,1.3448936843895924
72.7803251354731,1.34626276966593
72.93038766152563,1.3476223540577852
73.08045018757815,1.3489724002603847
73.23051271363067,1.3503128712306667
73.3805752396832,1.3516437301882989
73.53063776573572,1.3529649406166866
73.68070029178824,1.354276466263975
73.83076281784076,1.3555782711440438
73.98082534389329,1.356870319537495
74.13088786994581,1.3581525759926316
74.28095039599833,1.359425005326433
74.43101292205085,1.3606875726255172
74.58107544810338,1.3619402432471017
74.7311379741559,1.3631829828199513
74.88120050020842,1.364415757245324
75.03126302626094,1.3656385326979035
75.18132555231347,1.3668512756267301
75.33138807836598,1.3680539527561202
75.4814506044185,1.3692465310865787
75.63151313047102,1.3704289778957057
75.78157565652354,1.3716012607390928
75.93163818257607,1.372763347451215
76.08170070862859,1.3739152061463122
76.23176323468111,1.3750568052192644
76.38182576073363,1.3761881133464586
76.53188828678616,1.377309099486649
76.68195081283868,1.3784197328818077
76.8320133388912,1.3795199830579699
76.98207586494372,1.3806098198260688
77.13213839099625,1.3816892132827645
77.28220091704877,1.3827581338112651
77.43226344310129,1.3838165520821377
77.58232596915381,1.3848644390541156
77.73238849520634,1.385901765974892
77.88245102125886,1.3869285043819124
78.03251354731138,1.3879446261031525
78.1825760733639,1.3889501032578928
78.33263859941643,1.3899449082574842
78.48270112546894,1.3909290138061026
78.63276365152146,1.3919023929015006
78.78282617757398,1.3928650188357465
78.9328887036265,1.3938168651959582
79.08295122967903,1.394757905865027
79.23301375573155,1.395688115022335
79.38307628178407,1.396607467144463
79.5331388078366,1.3975159370058918
79.68320133388912,1.3984134996796929
79.83326385994164,1.3993001305382136
79.98332638599416,1.4001758052537518
80.13338891204668,1.4010404997992252
80.2834514380992,1.4018941904488278
80.43351396415173,1.4027368537786842
80.58357649020425,1.4035684666674897
80.73363901625677,1.4043890062971454
80.8837015423093,1.4051984501533852
81.03376406836182,1.4059967760263927
81.18382659441434,1.4067839620114104
81.33388912046686,1.4075599865093418
81.48395164651937,1.4083248282273426
81.6340141725719,1.4090784661794065
81.78407669862442,1.4098208796869396
81.93413922467694,1.4105520483793283
82.08420175072946,1.4112719521944994
82.23426427678199,1.411980571379468
82.38432680283451,1.4126778864908824
82.53438932888703,1.4133638783955556
82.68445185493955,1.4140385282709904
82.83451438099208,1.4147018176058972
82.9845769070446,1.4153537282007007
83.13463943309712,1.4159942421680396
83.28470195914964,1.4166233419332575
83.43476448520217,1.417241010234885
83.58482701125469,1.4178472301251133
83.73488953730721,1.4184419849702594
83.88495206335973,1.4190252584512226
84.03501458941226,1.4195970345639317
84.18507711546478,1.4201572976197847
84.3351396415173,1.4207060322460792
84.48520216756982,1.4212432233864334
84.63526469362233,1.4217688563012008
84.78532721967485,1.4222829165678732
84.93538974572738,1.422785390081477
85.0854522717799,1.4232762630549602
85.23551479783242,1.4237555220195708
85.38557732388495,1.424223153825226
85.53563984993747,1.4246791456408734
85.68570237598999,1.4251234849548426
85.83576490204251,1.4255561595751893
85.98582742809504,1.4259771576300289
86.13588995414756,1.426386467567863
86.28595248020008,1.4267840781578955
86.4360150062526,1.4271699784903422
86.58607753230513,1.4275441579767283
86.73614005835765,1.4279066063501804
86.88620258441017,1.4282573136657075
87.0362651104627,1.428596270300474
87.18632763651522,1.4289234669540636
87.33639016256774,1.4292388946487353
87.48645268862026,1.4295425447296686
87.63651521467277,1.4298344088652013
87.78657774072529,1.4301144790470586
87.93664026677781,1.4303827475905726
88.08670279283034,1.4306392071348928
88.23676531888286,1.4308838506431885
88.38682784493538,1.4311166714028416
88.5368903709879,1.4313376630256311
88.68695289704043,1.431546819447908
88.83701542309295,1.4317441349307618
88.98707794914547,1.4319296040601783
89.137140475198,1.4321032217471876
89.28720300125052,1.4322649832280043
89.43726552730304,1.4324148840641575
89.58732805335556,1.4325529201426133
89.73739057940809,1.4326790876758873
89.88745310546061,1.4327933832021489
90.03751563151313,1.4328958035853152
90.18757815756565,1.4329863460151384
90.33764068361818,1.4330650080072824
90.4877032096707,1.4331317874033909
90.63776573572322,1.4331866823711457
90.78782826177573,1.433229691404319
90.93789078782825,1.4332608133228135
91.08795331388077,1.433280047272694
91.2380158399333,1.433287392726213
91.38807836598582,1.4332828494818228
91.53814089203834,1.433266417664183
91.68820341809086,1.4332380977241554
91.83826594414339,1.4331978904387932
91.98832847019591,1.4331457969113182
92.13839099624843,1.433081818571092
92.28845352230096,1.4330059571735756
92.43851604835348,1.432918214800282
92.588578574406,1.432818593858718
92.73864110045852,1.4327070970823197
92.88870362651105,1.4325837275303763
93.03876615256357,1.432448488587947
93.18882867861609,1.432301383965767
93.33889120466861,1.4321424177001472
93.48895373072114,1.4319715941528615
93.63901625677366,1.431788918011029
93.78907878282617,1.4315943942869849
93.93914130887869,1.4313880283181417
94.08920383493121,1.4311698257668446
94.23926636098373,1.4309397926202152
94.38932888703626,1.4306979351899864
94.53939141308878,1.4304442601123317
94.6894539391413,1.43017877434768
94.83951646519382,1.4299014851805267
94.98957899124635,1.4296124002192339
95.13964151729887,1.4293115273958201
95.28970404335139,1.4289988749657438
95.43976656940391,1.428674451507677
95.58982909545644,1.4283382659232688
95.73989162150896,1.4279903274369024
95.88995414756148,1.4276306455954413
96.040016673614,1.4272592302679672
96.19007919966653,1.4268760916455094
96.34014172571905,1.4264812402407663
96.49020425177157,1.4260746868878142
96.6402667778241,1.4256564427418132
96.79032930387662,1.425226519278699
96.94039182992913,1.424784928294869
97.09045435598165,1.4243316819068577
97.24051688203417,1.4238667925510051
97.3905794080867,1.4233902729831158
97.54064193413922,1.4229021362781076
97.69070446019174,1.422402395829654
97.84076698624426,1.4218910653498162
97.99082951229678,1.4213681588686669
98.1408920383493,1.4208336907339052
98.29095456440183,1.4202876756104632
98.44101709045435,1.4197301284801034
98.59107961650687,1.419161064641008
98.7411421425594,1.418580499707359
98.89120466861192,1.4179884496089086
99.04126719466444,1.4173849305905444
99.19132972071696,1.4167699592118417
99.34139224676949,1.41614355234661
99.49145477282201,1.41550572718243
99.64151729887453,1.414856501220182
99.79157982492706,1.4141958922735647
99.94164235097956,1.4135239184686088
100.09170487703209,1.4128405982431764
100.24176740308461,1.4121459503464582
100.39182992913713,1.411439993838457
100.54189245518965,1.4107227480894655
100.69195498124218,1.409994232779535
100.8420175072947,1.4092544678979348
100.99208003334722,1.4085034737426045
101.14214255939974,1.407741270919596
101.29220508545227,1.4069678803425092
101.44226761150479,1.4061833232319176
101.59233013755731,1.4053876211147858
101.74239266360983,1.4045807958238794
101.89245518966236,1.4037628694971662
102.04251771571488,1.4029338645772074
102.1925802417674,1.4020938038105433
102.34264276781992,1.4012427102470681
102.49270529387245,1.4003806072393987
102.64276781992497,1.399507518442232
102.79283034597749,1.3986234678116984
102.94289287203001,1.3977284796047016
103.09295539808252,1.3968225783782557
103.24301792413505,1.3959057889888098
103.39308045018757,1.3949781365915659
103.54314297624009,1.3940396466397902
103.69320550229261,1.393090344884113
103.84326802834514,1.3921302573718228
103.99333055439766,1.391159410446152
104.14339308045018,1.3901778307455532
104.2934556065027,1.3891855452029698
104.44351813255523,1.3881825810450945
104.59358065860775,1.387168965791625
104.74364318466027,1.3861447272545075
104.8937057107128,1.385109893537173
105.04376823676532,1.3840644930337676
105.19383076281784,1.3830085544283728
105.34389328887036,1.3819421066942175
105.49395581492288,1.3808651790928852
105.6440183409754,1.3797778011735087
105.79408086702793,1.3786800027719615
105.94414339308045,1.377571814010037
106.09420591913296,1.3764532652946242
106.24426844518548,1.375324387316871
106.394330971238,1.3741852110513446
106.54439349729053,1.3730357677551799
106.69445602334305,1.3718760889672224
106.84451854939557,1.370706206507162
106.9945810754481,1.3695261524746623
107.14464360150062,1.3683359592484767
107.29470612755314,1.3671356594855628
107.44476865360566,1.3659252861201836
107.59483117965819,1.3647048723630064
107.74489370571071,1.3634744517001902
107.89495623176323,1.3622340578924668
108.04501875781575,1.3609837249742152
108.19508128386828,1.359723487252527
108.3451438099208,1.3584533793062659
108.49520633597332,1.3571734359851177
108.64526886202584,1.3558836924086355
108.79533138807837,1.3545841839652752
108.94539391413089,1.3532749463114246
109.09545644018341,1.3519560153704249
109.24551896623592,1.350627427331586
109.39558149228844,1.3492892186491916
109.54564401834097,1.3479414260415012
109.69570654439349,1.3465840864897414
109.84576907044601,1.3452172372370905
109.99583159649853,1.3438409157876587
110.14589412255106,1.3424551599054568
110.29595664860358,1.3410600076133616
110.4460191746561,1.3396554971920716
110.59608170070862,1.3382416671790573
110.74614422676115,1.3368185563675035
110.89620675281367,1.3353862038052453
111.04626927886619,1.3339446487936957
111.19633180491871,1.3324939308867683
111.34639433097124,1.3310340898897914
111.49645685702376,1.329565165858416
111.64651938307628,1.3280871990975172
111.7965819091288,1.3266002301600868
111.94664443518133,1.3251042998461224
112.09670696123385,1.323599449201507
112.24676948728636,1.3220857195168831
112.39683201333888,1.3205631523265184
112.5468945393914,1.3190317894071693
112.69695706544393,1.3174916727769306
112.84701959149645,1.3159428446940857
112.99708211754897,1.3143853476559462
113.1471446436015,1.3128192243976848
113.29720716965402,1.3112445178911647
113.44726969570654,1.3096612713437583
113.59733222175906,1.3080695281971633
113.74739474781158,1.3064693321262104
113.8974572738641,1.3048607270376644
114.04751979991663,1.3032437570690198
114.19758232596915,1.30161846658729
114.34764485202167,1.2999849001877892
114.4977073780742,1.2983431026929098
114.64776990412672,1.2966931191508917
114.79783243017924,1.2950349948345865
114.94789495623176,1.2933687752402157
115.09795748228429,1.2916945060861216
115.2480200083368,1.2900122333115134
115.39808253438932,1.2883220030752067
115.54814506044184,1.2866238617543566
115.69820758649436,1.2849178559431855
115.84827011254689,1.2832040324517051
115.99833263859941,1.2814824383044303
116.14839516465193,1.2797531207390913
116.29845769070445,1.2780161272053356
116.44852021675698,1.2762715053634268
116.5985827428095,1.274519303082937
116.74864526886202,1.2727595684414328
116.89870779491454,1.2709923497231574
117.04877032096707,1.2692176954177035
117.19883284701959,1.2674356542186846
117.34889537307211,1.2656462750223996
117.49895789912463,1.2638496069264884
117.64902042517716,1.2620456992285871
117.79908295122968,1.2602346014249752
117.9491454772822,1.2584163632092165
118.09920800333472,1.2565910344707953
118.24927052938725,1.2547586652937492
118.39933305543975,1.252919305955294
118.54939558149228,1.2510730069244438
118.6994581075448,1.2492198188606256
118.84952063359732,1.247359792612292
118.99958315964984,1.2454929792155227
119.14964568570237,1.243619429892627
119.29970821175489,1.2417391960507356
119.44977073780741,1.239852329280392
119.59983326385994,1.2379588813541373
119.74989578991246,1.2360589042250874
119.89995831596498,1.2341524500255094
120.0500208420175,1.2322395710653915
120.20008336807003,1.230320319831005
120.35014589412255,1.2283947489834677
120.50020842017507,1.226462911357296
120.6502709462276,1.224524859958958
120.80033347228012,1.2225806479654155
120.95039599833264,1.2206303287226685
121.10045852438516,1.21867395574429
121.25052105043768,1.2167115827099564
121.40058357649019,1.2147432634639768
121.55064610254271,1.212769052013814
121.70070862859524,1.210789002528604
121.85077115464776,1.2088031693376688
122.00083368070028,1.206811606929025
122.1508962067528,1.2048143699478902
122.30095873280533,1.2028115131951835
122.45102125885785,1.2008030916260202
122.60108378491037,1.198789160348206
122.7511463109629,1.1967697746207233
122.90120883701542,1.1947449898522169
123.05127136306794,1.1927148615994707
123.20133388912046,1.1906794455658862
123.35139641517299,1.1886387975999533
123.50145894122551,1.1865929736937162
123.65152146727803,1.1845420299812397
123.80158399333055,1.1824860227370675
123.95164651938308,1.1804250083746777
124.1017090454356,1.1783590434449358
124.25177157148812,1.1762881846345434
124.40183409754064,1.174212488764482
124.55189662359315,1.1721320127884534
124.70195914964567,1.1700468137913176
124.8520216756982,1.1679569489875277
125.00208420175072,1.1658624757195581
125.15214672780324,1.1637634514563329
125.30220925385576,1.1616599337916462
125.45227177990829,1.1595519804425853
125.60233430596081,1.1574396492479453
125.75239683201333,1.1553229981666409
125.90245935806585,1.1532020852761193
126.05252188411838,1.1510769687707636
126.2025844101709,1.1489477069602974
126.35264693622342,1.1468143582681847
126.50270946227594,1.144676981230027
126.65277198832847,1.1425356344919573
126.80283451438099,1.14039037680903
126.95289704043351,1.1382412670436097
127.10295956648604,1.1360883641637565
127.25302209253856,1.133931727241606
127.40308461859108,1.131771415451751
127.55314714464359,1.129607488069617
127.70320967069611,1.1274400044698334
127.85327219674863,1.1252690241246086
128.00333472280116,1.1230946066020946
128.15339724885368,1.1209168115647548
128.3034597749062,1.1187356987677257
128.45352230095872,1.1165513280571773
128.60358482701125,1.1143637593686722
128.75364735306377,1.1121730527255196
128.9037098791163,1.1099792682371303
129.05377240516881,1.107782466097364
129.20383493122134,1.1055827065828816
129.35389745727386,1.1033800500514894
129.50395998332638,1.1011745569404818
129.6540225093789,1.0989662877649857
129.80408503543143,1.0967553031162984
129.95414756148395,1.0945416636602245
130.10421008753647,1.092325430135413
130.254272613589,1.0901066633516896
130.40433513964152,1.0878854241883893
130.55439766569404,1.0856617735926835
130.70446019174656,1.0834357725779105
130.85452271779909,1.0812074822219007
131.0045852438516,1.0789769636652986
131.15464776990413,1.0767442781098884
131.30471029595665,1.0745094868169127
131.45477282200918,1.0722726511053928
131.6048353480617,1.0700338323504437
131.75489787411422,1.0677930919815934
131.90496040016674,1.0655504914810958
132.05502292621927,1.0633060923822428
132.20508545227176,1.0610599562676784
132.35514797832428,1.0588121447677057
132.5052105043768,1.0565627195585985
132.65527303042933,1.0543117423609085
132.80533555648185,1.0520592749377715
132.95539808253437,1.0498053790932114
133.1054606085869,1.0475501166704468
133.25552313463942,1.045293549550193
133.40558566069194,1.0430357396489633
133.55564818674446,1.0407767489173716
133.70571071279699,1.038516639338431
133.8557732388495,1.0362554729258557
134.00583576490203,1.0339933117223552
134.15589829095455,1.0317302177979362
134.30596081700708,1.0294662532481977
134.4560233430596,1.0272014801926261
134.60608586911212,1.0249359607728927
134.75614839516464,1.022669757151148
134.90621092121717,1.020402931508316
135.0562734472697,1.0181355460423864
135.2063359733222,1.0158676629667114
135.35639849937473,1.0135993445082963
135.50646102542726,1.0113306529060913
135.65652355147978,1.0090616504092869
135.8065860775323,1.0067923992756034
135.95664860358482,1.0045229617695823
136.10671112963735,1.0022534001608803
136.25677365568987,0.9999837767225583
136.4068361817424,0.9977141537293748
136.55689870779491,0.9954445934560743
136.70696123384744,0.993175158175682
136.85702375989996,0.9909059101577932
137.00708628595248,0.988636911666864
137.157148812005,0.9863682249605048
137.30721133805753,0.9840999122877713
137.45727386411005,0.9818320358874562
137.60733639016257,0.9795646579863805
137.7573989162151,0.9772978407976887
137.90746144226762,0.9750316465191399
138.05752396832014,0.9727661373314006
138.20758649437266,0.9705013753963405
138.35764902042516,0.9682374228553267
138.50771154647768,0.965974341827515
138.6577740725302,0.9637121944081508
138.80783659858272,0.9614510426668629
138.95789912463525,0.9591909486459583
139.10796165068777,0.9569319743587239
139.2580241767403,0.9546741817877219
139.40808670279282,0.9524176328830909
139.55814922884534,0.9501623895608439
139.70821175489786,0.9479085137011724
139.85827428095038,0.9456560671467464
140.0083368070029,0.9434051117010176
140.15839933305543,0.9411557091265247
140.30846185910795,0.9389079211431984
140.45852438516047,0.9366618094266667
140.608586911213,0.9344174356065642
140.75864943726552,0.9321748612648407
140.90871196331804,0.9299341479340711
141.05877448937056,0.9276953570957666
141.2088370154231,0.9254585501786887
141.3588995414756,0.9232237885571642
141.50896206752813,0.9209911335493988
141.65902459358065,0.9187606464157971
141.80908711963318,0.9165323883572813
141.9591496456857,0.9143064205136098
142.10921217173822,0.9120828039617024
142.25927469779074,0.9098615997139634
142.40933722384327,0.9076428687166074
142.5593997498958,0.9054266718479859
142.7094622759483,0.9032130699169192
142.85952480200083,0.901002123661027
143.00958732805336,0.8987938937450604
143.15964985410588,0.8965884407592394
143.3097123801584,0.8943858252175895
143.45977490621092,0.8921861075562816
143.60983743226345,0.8899893481319726
143.75989995831597,0.887795607220151
143.9099624843685,0.8856049450134825
144.06002501042101,0.883417421620157
144.21008753647354,0.8812330970622415
144.36015006252606,0.8790520312740323
144.51021258857855,0.8768742841004096
144.66027511463108,0.8746999152951962
144.8103376406836,0.8725289845195192
144.96040016673612,0.8703615513401701
145.11046269278864,0.8681976752279736
145.26052521884117,0.8660374155561535
145.4105877448937,0.8638808315987049
145.5606502709462,0.8617279825287663
145.71071279699873,0.8595789274169978
145.86077532305126,0.85743372522996
146.01083784910378,0.8552924348284938
146.1609003751563,0.8531551149661089
146.31096290120882,0.8510218242873692
146.46102542726135,0.8488926213262837
146.61108795331387,0.8467675645047024
146.7611504793664,0.8446467121307109
146.91121300541892,0.8425301223970328
147.06127553147144,0.8404178533794303
147.21133805752396,0.8383099630351134
147.36140058357648,0.8362065092011484
147.511463109629,0.83410754959287
147.66152563568153,0.8320131418022998
147.81158816173405,0.8299233432965647
147.96165068778657,0.8278382114163197
148.1117132138391,0.8257578033741761
148.26177573989162,0.8236821762531303
148.41183826594414,0.8216113870049986
148.56190079199666,0.8195454924488528
148.7119633180492,0.8174845492694635
148.8620258441017,0.8154286140157434
149.01208837015423,0.8133777430991953
149.16215089620675,0.8113319927923653
149.31221342225928,0.8092914192272986
149.4622759483118,0.807256078393999
149.61233847436432,0.8052260261388917
149.76240100041684,0.8032013181632933
149.91246352646937,0.8011820100218817
150.0625260525219,0.7991681571211714
150.2125885785744,0.797159814717995
150.36265110462693,0.7951570379179859
150.51271363067946,0.7931598816740656
150.66277615673195,0.7911684007849381
150.81283868278447,0.7891826498935838
150.962901208837,0.7872026834857614
151.11296373488952,0.7852285558885135
151.26302626094204,0.7832603212686748
151.41308878699456,0.7812980336313868
151.5631513130471,0.7793417468186148
151.7132138390996,0.7773915145076716
151.86327636515213,0.775447390209745
152.01333889120465,0.7735094272684275
152.16340141725718,0.7715776788582556
152.3134639433097,0.7696521979832482
152.46352646936222,0.7677330374754533
152.61358899541474,0.765820249993499
152.76365152146727,0.7639138880211472
152.9137140475198,0.7620140038658556
153.0637765735723,0.7601206496573394
153.21383909962483,0.758233877346144
153.36390162567736,0.7563537387022182
153.51396415172988,0.754480285313493
153.6640266777824,0.7526135685844677
153.81408920383493,0.750753639734799
153.96415172988745,0.7489005497978938
154.11421425593997,0.7470543496195119
154.2642767819925,0.7452150898563688
154.41433930804502,0.7433828209747464
154.56440183409754,0.7415575932491081
154.71446436015006,0.7397394567607194
154.86452688620258,0.7379284613962747
155.0145894122551,0.7361246568465261
155.16465193830763,0.7343280926049229
155.31471446436015,0.7325388179662516
155.46477699041267,0.7307568820252842
155.6148395164652,0.7289823336754301
155.76490204251772,0.7272152216073958
155.91496456857024,0.725455594307849
156.06502709462276,0.723703500058086
156.2150896206753,0.72195898693271
156.3651521467278,0.72022210279831
156.51521467278033,0.7184928953121477
156.66527719883285,0.7167714119208506
156.81533972488535,0.7150576998591097
156.96540225093787,0.7133518061483821
157.1154647769904,0.7116537775956041
157.26552730304292,0.7099636607919035
157.41558982909544,0.7082815021113238
157.56565235514796,0.7066073477095491
157.71571488120048,0.7049412435226404
157.865777407253,0.7032832352657739
158.01583993330553,0.7016333684319858
158.16590245935805,0.6999916882909256
158.31596498541057,0.6983582398876138
158.4660275114631,0.6967330680412043
158.61609003751562,0.6951162173437566
158.76615256356814,0.6935077321590115
158.91621508962066,0.6919076566211739
159.0662776156732,0.6903160346337007
159.2163401417257,0.6887329098680985
159.36640266777823,0.6871583257627235
159.51646519383075,0.6855923255215897
159.66652771988328,0.6840349521131843
159.8165902459358,0.682486248269289
159.96665277198832,0.6809462564838054
160.11671529804084,0.6794150190115914
160.26677782409337,0.6778925778673006
160.4168403501459,0.6763789748242302
160.5669028761984,0.6748742514131733
160.71696540225093,0.6733784489212813
160.86702792830346,0.6718916083909301
161.01709045435598,0.6704137706185935
161.1671529804085,0.6689449761537246
161.31721550646103,0.6674852652976433
161.46727803251355,0.6660346781024298
161.61734055856607,0.6645932543698254
161.7674030846186,0.6631610336501419
161.91746561067112,0.6617380552411755
162.06752813672364,0.6603243581871272
162.21759066277616,0.6589199812775342
162.36765318882868,0.6575249630462037
162.5177157148812,0.6561393417701555
162.66777824093373,0.6547631554685733
162.81784076698625,0.6533964419017599
162.96790329303875,0.6520392385701022
163.11796581909127,0.6506915827130406
163.2680283451438,0.6493535113080499
163.4180908711963,0.6480250610696225
163.56815339724884,0.6467062684482614
163.71821592330136,0.6453971696294811
163.86827844935388,0.6440978005328137
164.0183409754064,0.6428081968108232
164.16840350145893,0.6415283938481283
164.31846602751145,0.6402584267604308
164.46852855356397,0.6389983303935516
164.6185910796165,0.6377481393224758
164.76865360566902,0.6365078878504029
164.91871613172154,0.6352776100078068
165.06877865777406,0.6340573395515001
165.21884118382658,0.6328471099637103
165.3689037098791,0.6316469544511591
165.51896623593163,0.630456905944152
165.66902876198415,0.6292769970956755
165.81909128803667,0.6281072602805
165.9691538140892,0.6269477275942916
166.11921634014172,0.6257984308527322
166.26927886619424,0.6246594015906463
166.41934139224676,0.623530671061135
166.5694039182993,0.6224122702347192
166.7194664443518,0.6213042297984899
166.86952897040433,0.6202065801552659
167.01959149645685,0.6191193514227589
167.16965402250938,0.6180425734327488
167.3197165485619,0.6169762757302636
167.46977907461442,0.61592048757277
167.61984160066694,0.6148752379293687
167.76990412671947,0.6138405554800022
167.919966652772,0.6128164686146658
168.0700291788245,0.6118030054326291
168.22009170487703,0.6108001937416656
168.37015423092956,0.6098080610572894
168.52021675698208,0.6088266346019993
168.6702792830346,0.6078559413045335
168.82034180908713,0.6068960077991297
168.97040433513965,0.6059468604247944
169.12046686119214,0.6050085252245804
169.27052938724466,0.6040810279448716
169.4205919132972,0.6031643940346778
169.5706544393497,0.6022586486449353
169.72071696540223,0.6013638166278172
169.87077949145475,0.6004799225360518
170.02084201750728,0.5996069906222481
170.1709045435598,0.5987450448382313
170.32096706961232,0.597894108834385
170.47102959566485,0.5970542059590023
170.62109212171737,0.5962253592576454
170.7711546477699,0.5954075914725131
170.9212171738224,0.5946009250418172
171.07127969987494,0.5938053820991658
171.22134222592746,0.5930209844729571
171.37140475197998,0.5922477536857803
171.5214672780325,0.5914857109538241
171.67152980408503,0.5907348771862957
171.82159233013755,0.5899952729848466
171.97165485619007,0.5892669186430072
172.1217173822426,0.5885498341456303
172.27177990829512,0.5878440391683426
172.42184243434764,0.5871495530770048
172.57190496040016,0.58646639492718
172.72196748645268,0.5857945834636114
172.8720300125052,0.5851341371197076
173.02209253855773,0.5844850740170369
173.17215506461025,0.5838474119648298
173.32221759066277,0.5832211684594912
173.4722801167153,0.5826063606841191
173.62234264276782,0.5820030055080341
173.77240516882034,0.5814111194863162
173.92246769487286,0.5808307188593504
174.0725302209254,0.5802618195523814
174.2225927469779,0.5797044371750764
174.37265527303043,0.5791585870210968
174.52271779908295,0.5786242840676786
174.67278032513548,0.5781015429752219
174.822842851188,0.5775903780868875
174.97290537724052,0.577090803428205
175.12296790329304,0.5766028327066861
175.27303042934554,0.5761264793114502
175.42309295539806,0.5756617563128559
175.57315548145058,0.5752086764621425
175.7232180075031,0.5747672521910807
175.87328053355563,0.5743374956116314
176.02334305960815,0.5739194185156122
176.17340558566067,0.5735130323743757
176.3234681117132,0.5731183483384934
176.47353063776572,0.5727353772374499
176.62359316381824,0.5723641295793467
176.77365568987076,0.5720046155506125
176.9237182159233,0.5716568450157249
177.0737807419758,0.5713208275169388
177.22384326802833,0.5709965722740252
177.37390579408086,0.5706840881840183
177.52396832013338,0.5703833838209702
177.6740308461859,0.5700944674357178
177.82409337223842,0.5698173469556543
177.97415589829095,0.5695520299845127
178.12421842434347,0.5692985238021571
178.274280950396,0.5690568353643827
178.4243434764485,0.5688269713027254
178.57440600250104,0.5686089379242794
178.72446852855356,0.5684027412115239
178.87453105460608,0.5682083868221601
179.0245935806586,0.5680258800889548
179.17465610671113,0.5678552260195942
179.32471863276365,0.5676964292965472
179.47478115881617,0.5675494942769364
179.6248436848687,0.5674144249924185
179.77490621092122,0.5672912251490738
179.92496873697374,0.567179898127305
180.07503126302626,0.5670804469817433
180.22509378907878,0.5669928744411658
180.3751563151313,0.5669171829084196
180.52521884118383,0.5668533744603571
180.67528136723635,0.5668014508477776
180.82534389328887,0.56676141349538
180.9754064193414,0.5667332635017239
181.12546894539392,0.5667170016391994
181.27553147144644,0.566712628354005
181.42559399749894,0.5667201437661369
181.57565652355146,0.5667395476693842
181.72571904960398,0.5667708395313356
181.8757815756565,0.5668140184933935
182.02584410170903,0.5668690833707979
182.17590662776155,0.5669360326526584
182.32596915381407,0.5670148645019961
182.4760316798666,0.567105576755794
182.62609420591912,0.5672081669250562
182.77615673197164,0.5673226321948759
182.92621925802416,0.5674489694245133
183.07628178407668,0.5675871751474814
183.2263443101292,0.5677372455716407
183.37640683618173,0.5678991765793044
183.52646936223425,0.5680729637273503
183.67653188828677,0.5682586022473428
183.8265944143393,0.5684560870456644
183.97665694039182,0.5686654127036551
184.12671946644434,0.5688865734777611
184.27678199249686,0.5691195632996918
184.4268445185494,0.5693643757765876
184.5769070446019,0.5696210041911942
184.72696957065443,0.5698894415020472
184.87703209670696,0.5701696803436657
185.02709462275948,0.5704617130267537
185.177157148812,0.5707655315384118
185.32721967486452,0.5710811275423565
185.47728220091705,0.5714084923791494
185.62734472696957,0.5717476170664343
185.7774072530221,0.5720984922991841
185.9274697790746,0.5724611084499556
186.07753230512714,0.5728354555691547
186.22759483117966,0.573221523385308
186.37765735723218,0.5736193013053457
186.5277198832847,0.5740287784148916
186.67778240933723,0.5744499434785634
186.82784493538975,0.5748827849402798
186.97790746144227,0.5753272909235785
187.1279699874948,0.575783449231942
187.27803251354732,0.5762512473491318
187.42809503959984,0.576730672439532
187.57815756565233,0.5772217113485016
187.72822009170486,0.5777243506027359
187.87828261775738,0.5782385764106348
188.0283451438099,0.5787643746626827
188.17840766986242,0.5793017309318351
188.32847019591495,0.5798506304739139
188.47853272196747,0.5804110582280131
188.62859524802,0.5809829988169108
188.7786577740725,0.5815664365474922
188.92872030012504,0.5821613554111793
189.07878282617756,0.5827677390843711
189.22884535223008,0.5833855709288902
189.3789078782826,0.5840148339924409
189.52897040433513,0.5846555110090732
189.67903293038765,0.5853075843996568
189.82909545644017,0.5859710362723635
189.9791579824927,0.5866458484231583
190.12922050854522,0.5873320023362987
190.27928303459774,0.5880294791848426
190.42934556065026,0.5887382598311653
190.57940808670278,0.5894583248274845
190.7294706127553,0.5901896544163933
190.87953313880783,0.5909322285314029
191.02959566486035,0.5916860267974935
191.17965819091287,0.5924510285316726
191.3297207169654,0.5932272127435428
191.47978324301792,0.594014558135878
191.62984576907044,0.5948130431052076
191.77990829512297,0.5956226457424088
191.9299708211755,0.5964433438333081
192.080033347228,0.597275114859292
192.23009587328053,0.5981179359979225
192.38015839933306,0.5989717841235648
192.53022092538558,0.5998366358080224
192.6802834514381,0.6007124673211782
192.83034597749062,0.6015992546316471
192.98040850354315,0.6024969734074344
193.13047102959567,0.6034055990166042
193.2805335556482,0.6043251065279549
193.4305960817007,0.605255470711703
193.58065860775324,0.6061966660401761
193.73072113380573,0.6071486666885124
193.88078365985825,0.6081114465353701
194.03084618591078,0.6090849791636439
194.1809087119633,0.6100692378611896
194.33097123801582,0.6110641956215568
194.48103376406834,0.6120698251447312
194.63109629012087,0.6130860988378819
194.7811588161734,0.6141129888161196
194.9312213422259,0.6151504669032619
195.08128386827843,0.6161985046326057
195.23134639433096,0.6172570732477085
195.38140892038348,0.6183261437031775
195.531471446436,0.6194056866654668
195.68153397248852,0.6204956725136819
195.83159649854105,0.6215960713403922
195.98165902459357,0.6227068529524529
196.1317215506461,0.6238279868718317
196.2817840766986,0.6249594423364462
196.43184660275114,0.6261011883010075
196.58190912880366,0.6272531934378727
196.73197165485618,0.6284154261379034
196.8820341809087,0.6295878545113337
197.03209670696123,0.6307704463886457
197.18215923301375,0.6319631693214507
197.33222175906627,0.6331659905833806
197.4822842851188,0.6343788771709865
197.63234681117132,0.6356017958046422
197.78240933722384,0.6368347129294591
197.93247186327636,0.6380775947162063
198.08253438932888,0.6393304070622392
198.2325969153814,0.6405931155924344
198.38265944143393,0.6418656856601332
198.53272196748645,0.6431480823480935
198.68278449353897,0.6444402704694459
198.8328470195915,0.6457422145686598
198.98290954564402,0.6470538789225171
199.13297207169654,0.6483752275410921
199.28303459774907,0.6497062241687379
199.4330971238016,0.6510468322850822
199.5831596498541,0.6523970151060299
199.73322217590663,0.6537567355847709
199.88328470195913,0.6551259564127967
200.03334722801165,0.6565046400209269
200.18340975406417,0.6578927485803359
200.3334722801167,0.6592902440035935
200.48353480616922,0.6606970879457095
200.63359733222174,0.6621132418051852
200.78365985827426,0.6635386667250734
200.93372238432679,0.6649733235940436
201.0837849103793,0.6664171730474566
201.23384743643183,0.6678701754684431
201.38390996248435,0.6693322909889907
201.53397248853688,0.67080347949104
201.6840350145894,0.6722837006075827
201.83409754064192,0.6737729137237702
201.98416006669444,0.6752710779780291
202.13422259274697,0.6767781522631804
202.2842851187995,0.6782940952275691
202.434347644852,0.6798188652761974
202.58441017090453,0.6813524205718677
202.73447269695706,0.682894719036329
202.88453522300958,0.6844457183514318
203.0345977490621,0.6860053759602901
203.18466027511462,0.6875736490684481
203.33472280116715,0.6891504946450545
203.48478532721967,0.6907358694240444
203.6348478532722,0.6923297299053248
203.7849103793247,0.6939320323559688
203.93497290537724,0.6955427328114157
204.08503543142976,0.697161787076678
204.23509795748228,0.6987891507275525
204.3851604835348,0.7004247791118403
204.53522300958733,0.7020686273505721
204.68528553563985,0.7037206503392386
204.83534806169237,0.7053808027490289
204.9854105877449,0.7070490390280741
205.13547311379742,0.7087253134026976
205.28553563984994,0.7104095798786701
205.43559816590246,0.7121017922424717
205.58566069195498,0.7138019040625617
205.7357232180075,0.7155098686906498
205.88578574406003,0.717225639262978
206.03584827011252,0.7189491687016056
206.18591079616505,0.7206804097157029
206.33597332221757,0.7224193148028453
206.4860358482701,0.7241658362503189
206.63609837432261,0.7259199261364302
206.78616090037514,0.7276815363318191
206.93622342642766,0.7294506185007805
207.08628595248018,0.7312271241025923
207.2363484785327,0.7330110043928435
207.38641100458523,0.7348022104247744
207.53647353063775,0.7366006930506193
207.68653605669027,0.738406402922954
207.8365985827428,0.7402192904960503
207.98666110879532,0.7420393060272372
208.13672363484784,0.7438663995782626
208.28678616090036,0.7457005210166657
208.43684868695289,0.7475416200171517
208.5869112130054,0.7493896460629732
208.73697373905793,0.7512445484473156
208.88703626511045,0.7531062762746886
209.03709879116298,0.7549747784623246
209.1871613172155,0.7568500037415768
209.33722384326802,0.7587319006593283
209.48728636932054,0.7606204175794035
209.63734889537307,0.7625155026839843
209.7874114214256,0.764417103975033
209.9374739474781,0.7663251692757174
210.08753647353063,0.7682396462318453
210.23759899958316,0.7701604823132973
210.38766152563568,0.7720876248154709
210.5377240516882,0.7740210208607252
210.68778657774072,0.775960617399833
210.83784910379325,0.7779063612134349
210.98791162984577,0.7798581989135001
211.1379741558983,0.7818160769447936
211.2880366819508,0.7837799415863413
211.43809920800334,0.7857497389529072
211.58816173405586,0.787725414996471
211.73822426010838,0.7897069155077109
211.8882867861609,0.7916941861174907
212.03834931221343,0.7936871722983542
212.18841183826592,0.7956858193660171
212.33847436431844,0.7976900724808698
212.48853689037097,0.7996998766494838
212.6385994164235,0.801715176726117
212.788661942476,0.8037359174142287
212.93872446852853,0.8057620432679973
213.08878699458106,0.8077934986938405
213.23884952063358,0.8098302279519419
213.3889120466861,0.8118721751577787
213.53897457273862,0.8139192842836579
213.68903709879115,0.8159714991602505
213.83909962484367,0.818028763478134
213.9891621508962,0.8200910207893383
214.13922467694871,0.8221582145088928
214.28928720300124,0.8242302879163806
214.43934972905376,0.8263071841574932
214.58941225510628,0.8283888462455936
214.7394747811588,0.8304752170632755
214.88953730721133,0.8325662393639337
215.03959983326385,0.8346618557733335
215.18966235931637,0.8367620087911859
215.3397248853689,0.8388666407927237
215.48978741142142,0.8409756940302858
215.63984993747394,0.8430891106348978
215.78991246352646,0.8452068326178621
215.93997498957899,0.8473288018723486
216.0900375156315,0.8494549601749891
216.24010004168403,0.8515852491874746
216.39016256773655,0.8537196104581556
216.54022509378908,0.8558579854236485
216.6902876198416,0.8580003154104385
216.84035014589412,0.8601465416364922
216.99041267194664,0.8622966052128695
217.14047519799917,0.86445044714534
217.2905377240517,0.8666080083360012
217.4406002501042,0.8687692295848993
217.59066277615673,0.8709340515916573
217.74072530220926,0.8731024149570965
217.89078782826178,0.87527426018487
218.0408503543143,0.8774495276830945
218.19091288036682,0.8796281577659849
218.34097540641932,0.8818100906554918
218.49103793247184,0.883995266482944
218.64110045852436,0.8861836252906878
218.79116298457689,0.8883751070337338
218.9412255106294,0.890569651581404
219.09128803668193,0.8927671987189842
219.24135056273445,0.8949676881493718
219.39141308878698,0.8971710594947332
219.5414756148395,0.8993772522981598
219.69153814089202,0.9015862060253268
219.84160066694454,0.9037978600661535
219.99166319299707,0.9060121537364689
220.1417257190496,0.9082290262796733
220.2917882451021,0.9104484168684069
220.44185077115463,0.9126702646062196
220.59191329720716,0.9148945085292406
220.74197582325968,0.9171210876078517
220.8920383493122,0.9193499407483616
221.04210087536472,0.9215810067946842
221.19216340141725,0.9238142245300129
221.34222592746977,0.926049532678503
221.4922884535223,0.928286869906952
221.64235097957481,0.930526174826483
221.79241350562734,0.9327673859942289
221.94247603167986,0.9350104419150177
222.09253855773238,0.9372552810430621
222.2426010837849,0.9395018417836446
222.39266360983743,0.9417500624948103
222.54272613588995,0.9439998814890572
222.69278866194247,0.9462512370350292
222.842851187995,0.9485040673592089
222.99291371404752,0.9507583106476156
223.14297624010004,0.953013905047497
223.29303876615256,0.9552707886690291
223.44310129220509,0.9575288995870141
223.5931638182576,0.9597881758425789
223.74322634431013,0.9620485554448757
223.89328887036265,0.9643099763727814
224.04335139641518,0.9665723765766033
224.1934139224677,0.968835693979777
224.34347644852022,0.9710998664805716
224.49353897457272,0.9733648319537936
224.64360150062524,0.9756305282524939
224.79366402667776,0.9778968932096679
224.94372655273028,0.9801638646399655
225.0937890787828,0.9824313803413957
225.24385160483533,0.9846993780970335
225.39391413088785,0.9869677956767263
225.54397665694037,0.9892365708388051
225.6940391829929,0.9915056413317863
225.84410170904542,0.9937749448960843
225.99416423509794,0.9960444192657182
226.14422676115046,0.9983140021700202
226.294289287203,1.000583631335345
226.4443518132555,1.0028532444867764
226.59441433930803,1.0051227793498412
226.74447686536055,1.0073921736522107
226.89453939141308,1.0096613651254145
227.0446019174656,1.0119302915065471
227.19466444351812,1.014198890539977
227.34472696957064,1.0164670999790537
227.49478949562317,1.0187348575878188
227.6448520216757,1.0210021011427088
227.7949145477282,1.0232687684342665
227.94497707378073,1.0255347972688456
228.09503959983326,1.0278001254703186
228.24510212588578,1.0300646908817819
228.3951646519383,1.0323284313672612
228.54522717799082,1.0345912848134187
228.69528970404335,1.0368531891312533
228.84535223009587,1.0391140822578075
228.9954147561484,1.041373902157869
229.14547728220091,1.043632586825673
229.29553980825344,1.0458900742866033
229.44560233430596,1.0481463025988944
229.59566486035848,1.0504012098553288
229.745727386411,1.0526547341849364
229.89578991246353,1.0549068137546929
230.04585243851605,1.0571573867712152
230.19591496456857,1.0594063914824576
230.3459774906211,1.061653766179408
230.4960400166736,1.063899449197777
230.6461025427261,1.0661433789196917
230.79616506877863,1.0683854937753898
230.94622759483116,1.0706257322449035
231.09629012088368,1.0728640328597503
231.2463526469362,1.0751003342046195
231.39641517298872,1.0773345749190573
231.54647769904125,1.0795666936991497
231.69654022509377,1.0817966292992052
231.8466027511463,1.0840243205334368
231.99666527719882,1.0862497062776368
232.14672780325134,1.0884727254708582
232.29679032930386,1.0906933171170867
232.44685285535638,1.0929114202869175
232.5969153814089,1.0951269741192236
232.74697790746143,1.0973399178228305
232.89704043351395,1.099550190678179
233.04710295956647,1.1017577320389946
233.197165485619,1.10396248133395
233.34722801167152,1.1061643780683277
233.49729053772404,1.1083633618256803
233.64735306377656,1.1105593722694866
233.7974155898291,1.1127523491448108
233.9474781158816,1.1149422322799507
234.09754064193413,1.1171289615880922
234.24760316798665,1.1193124770689566
234.39766569403918,1.1214927188104482
234.5477282200917,1.1236696269902968
234.69779074614422,1.125843141877699
234.84785327219674,1.1280132038349604
234.99791579824927,1.1301797533191265
235.1479783243018,1.1323427308836203
235.2980408503543,1.1345020771798726
235.44810337640683,1.1366577329589505
235.59816590245936,1.1388096390731823
235.74822842851188,1.1409577364777805
235.8982909545644,1.1431019662324644
236.04835348061692,1.1452422695030737
236.19841600666945,1.1473785875631841
236.34847853272197,1.1495108617957202
236.4985410587745,1.1516390336945614
236.648603584827,1.1537630448661487
236.7986661108795,1.155882837031088
236.94872863693203,1.1579983520257466
237.09879116298455,1.1601095318038495
237.24885368903708,1.1622163184380754
237.3989162150896,1.1643186541216417
237.54897874114212,1.1664164811698934
237.69904126719464,1.1685097420218846
237.84910379324717,1.170598379241959
237.9991663192997,1.1726823355213247
238.1492288453522,1.1747615536796265
238.29929137140473,1.1768359766665182
238.44935389745726,1.1789055475632222
238.59941642350978,1.1809702095840955
238.7494789495623,1.1830299060781873
238.89954147561483,1.1850845805307912
239.04960400166735,1.1871341765649992
239.19966652771987,1.1891786379432445
239.3497290537724,1.1912179085688501
239.49979157982492,1.1932519324875623
239.64985410587744,1.1952806538890888
239.79991663192996,1.19730401710863
239.94997915798248,1.1993219666284063
240.100041684035,1.20133444707918
240.25010421008753,1.2033414032417784
240.40016673614005,1.2053427800486036
240.55022926219257,1.207338522585147
240.7002917882451,1.209328576091495
240.85035431429762,1.211312885963832
241.00041684035014,1.2132913977559385
241.15047936640266,1.2152640571806834
241.3005418924552,1.2172308101115177
241.4506044185077,1.2191916025839546
241.60066694456023,1.2211463807970535
241.75072947061275,1.2230950911148948
241.90079199666528,1.2250376800680525
242.0508545227178,1.2269740943550602
242.20091704877032,1.2289042808438746
242.35097957482284,1.2308281865733341
242.50104210087537,1.2327457587546091
242.6511046269279,1.2346569447726532
242.80116715298038,1.2365616921876448
242.9512296790329,1.2384599487364294
243.10129220508543,1.2403516623339488
243.25135473113795,1.2422367810746737
243.40141725719047,1.244115253234027
243.551479783243,1.2459870272698026
243.70154230929552,1.2478520518235796
243.85160483534804,1.2497102757221334
244.00166736140056,1.2515616479788372
244.1517298874531,1.2534061177950613
244.3017924135056,1.255243634561569
244.45185493955813,1.2570741478599032
244.60191746561065,1.2588976074637703
244.75197999166318,1.26071396334042
244.9020425177157,1.262523165652015
245.05210504376822,1.2643251647570009
245.20216756982074,1.2661199112114674
245.35223009587327,1.267907355770505
245.5022926219258,1.2696874493895562
245.6523551479783,1.271460143225761
245.80241767403083,1.273225388639299
245.95248020008336,1.2749831371947202
246.10254272613588,1.2767333406622776
246.2526052521884,1.2784759510192478
246.40266777824093,1.2802109204512513
246.55273030429345,1.281938201353562
246.70279283034597,1.2836577463324148
246.8528553563985,1.2853695082063066
247.00291788245102,1.2870734400072887
247.15298040850354,1.2887694949822577
247.30304293455606,1.290457626594237
247.45310546060858,1.2921377885236534
247.6031679866611,1.29380993466961
247.75323051271363,1.29547401915115
247.90329303876615,1.2971299963085146
248.05335556481867,1.298777820704397
248.2034180908712,1.3004174471251888
248.35348061692372,1.302048830582221
248.50354314297624,1.3036719263129979
248.65360566902876,1.3052866897824245
248.8036681950813,1.3068930766840317
248.95373072113378,1.3084910429411873
249.1037932471863,1.310080544708309
249.25385577323883,1.3116615383720667
249.40391829929135,1.313233980552578
249.55398082534387,1.314797828104599
249.7040433513964,1.3163530381187092
249.85410587744892,1.3178995679224874
250.00416840350144,1.3194373750816832
250.15423092955396,1.3209664174013813
250.30429345560648,1.3224866529271604
250.454355981659,1.3239980399462419
250.60441850771153,1.3255005369886357
250.75448103376405,1.326994102828279
250.90454355981657,1.328478696484166
251.0546060858691,1.3299542772214732
251.20466861192162,1.331420804552676
251.35473113797414,1.332878238238663
251.50479366402666,1.3343265382898348
251.6548561900792,1.3357656649672054
251.8049187161317,1.3371955787834904
251.95498124218423,1.3386162405041917
252.10504376823675,1.3400276111486735
252.25510629428928,1.3414296519912328
252.4051688203418,1.3428223245621593
252.55523134639432,1.3442055906487949
252.70529387244684,1.3455794122965778
252.85535639849937,1.3469437518100882
253.0054189245519,1.348298571754079
253.1554814506044,1.3496438349545052
253.30554397665694,1.350979504499544
253.45560650270946,1.3523055437406055
253.60566902876198,1.3536219162933403
253.7557315548145,1.354928586038637
253.90579408086703,1.3562255171236133
254.05585660691955,1.3575126739625998
254.20591913297207,1.358790021238116
254.3559816590246,1.3600575239018418
254.50604418507712,1.3613151471755747
254.65610671112964,1.3625628565521872
254.80616923718216,1.3638006177965738
254.95623176323468,1.3650283969465888
255.10629428928718,1.3662461603139784
255.2563568153397,1.3674538744853069
255.40641934139222,1.3686515063228708
255.55648186744475,1.36983902296561
255.70654439349727,1.3710163918300085
255.8566069195498,1.3721835806109892
256.0066694456023,1.3733405572827992
256.15673197165484,1.3744872900998901
256.30679449770736,1.375623747597787
256.4568570237599,1.3767498985939537
256.6069195498124,1.3778657121886473
256.7569820758649,1.3789711577657668
256.90704460191745,1.380066204993692
257.05710712796997,1.381150823826117
257.2071696540225,1.3822249845028731
257.357232180075,1.3832886575507473
257.50729470612754,1.3843418137842893
257.65735723218006,1.3853844243066136
257.8074197582326,1.3864164605101914
257.9574822842851,1.3874378940776362
258.10754481033763,1.3884486969824799
258.25760733639015,1.3894488414899429
258.4076698624427,1.3904383001576948
258.5577323884952,1.3914170458366066
258.7077949145477,1.3923850516714964
258.85785744060024,1.3933422911018665
259.00791996665276,1.3942887378626314
259.1579824927053,1.3952243659848385
259.3080450187578,1.3961491497963816
259.45810754481033,1.3970630639227042
259.60817007086285,1.3979660832874963
259.7582325969154,1.3988581831133824
259.9082951229679,1.3997393389226014
260.0583576490204,1.4006095265376781
260.20842017507294,1.4014687220820865
260.35848270112547,1.402316901980905
260.508545227178,1.4031540429614633
260.6586077532305,1.403980122053981
260.80867027928304,1.4047951165921984
260.95873280533556,1.4055990042139972
261.1087953313881,1.4063917628620146
261.2588578574406,1.4071733707842493
261.4089203834931,1.4079438065346572
261.55898290954565,1.4087030489737407
261.70904543559817,1.4094510772691273
261.8591079616507,1.4101878708961444
262.0091704877032,1.4109134096383782
262.15923301375574,1.4116276735882318
262.30929553980826,1.4123306431474694
262.4593580658608,1.4130222990277557
262.6094205919133,1.4137026222511833
262.75948311796583,1.4143715941507948
262.90954564401835,1.4150291963710953
263.0596081700709,1.415675410868554
263.2096706961234,1.4163102199121014
263.3597332221759,1.416933606083615
263.50979574822844,1.4175455522783968
263.65985827428096,1.4181460417056435
263.8099208003335,1.418735057888907
263.959983326386,1.4193125846665455
264.11004585243853,1.4198786061921682
264.26010837849105,1.4204331069350693
264.4101709045435,1.4209760716806548
264.56023343059604,1.4215074855308596
264.71029595664857,1.4220273339045564
264.8603584827011,1.422535602537955
265.0104210087536,1.423032277484995
265.16048353480613,1.4235173451177279
265.31054606085866,1.4239907921266899
265.4606085869112,1.4244526055212696
265.6106711129637,1.4249027726300616
265.7607336390162,1.4253412811012165
265.91079616506875,1.4257681189027787
266.06085869112127,1.4261832743230163
266.2109212171738,1.4265867359707431
266.3609837432263,1.4269784927756308
266.51104626927884,1.4273585339885133
266.66110879533136,1.4277268491816804
266.8111713213839,1.4280834282491655
266.9612338474364,1.4284282614070214
267.1112963734889,1.4287613391935903
267.26135889954145,1.429082652469762
267.41142142559397,1.429392192419225
267.5614839516465,1.429689950548709
267.711546477699,1.4299759186882182
267.86160900375154,1.4302500889912535
268.01167152980406,1.4305124539350302
268.1617340558566,1.4307630063206833
268.3117965819091,1.4310017392734644
268.46185910796163,1.4312286462429316
268.61192163401415,1.4314437210031286
268.7619841600667,1.4316469576527553
268.9120466861192,1.4318383506153303
269.0621092121717,1.4320178946393436
269.21217173822424,1.4321855847984004
269.36223426427676,1.4323414164913573
269.5122967903293,1.4324853854424466
269.6623593163818,1.4326174877013962
269.81242184243433,1.4327377196435356
269.96248436848686,1.432846077969897
270.1125468945394,1.432942559707305
270.2626094205919,1.4330271622084587
270.4126719466444,1.433099883152003
270.56273447269695,1.433160720542595
270.71279699874947,1.4332096727109553
270.862859524802,1.4332467383139167
271.0129220508545,1.43327191633446
271.16298457690704,1.433285206081741
271.31304710295956,1.433286607191111
271.4631096290121,1.4332761196241255
271.6131721550646,1.4332537436685469
271.7632346811171,1.433219479938334
271.91329720716965,1.4331733293736282
272.06335973322217,1.4331152932407252
272.2134222592747,1.4330453731320418
272.3634847853272,1.4329635709660715
272.51354731137974,1.432869888987332
272.66360983743226,1.4327643297663037
272.8136723634848,1.4326468961993593
272.9637348895373,1.4325175915086834
273.11379741558983,1.432376419242186
273.26385994164235,1.432223383273403
273.4139224676949,1.4320584878013913
273.5639849937474,1.4318817373506132
273.7140475197999,1.4316931367708126
273.86411004585244,1.4314926912368804
274.01417257190496,1.431280406248715
274.1642350979575,1.4310562876310693
274.31429762401,1.4308203415333918
274.46436015006253,1.430572574429658
274.61442267611505,1.4303129931181924
274.7644852021676,1.4300416047214817
274.9145477282201,1.4297584166859798
275.0646102542726,1.429463436781904
275.21467278032515,1.4291566731030203
275.36473530637767,1.4288381340664231
275.5147978324302,1.4285078284123027
275.6648603584827,1.4281657652037065
275.81492288453524,1.4278119538262901
275.96498541058776,1.4274464039880588
276.1150479366403,1.4270691257191035
276.2651104626928,1.4266801293713227
276.4151729887453,1.4262794256181406
276.56523551479785,1.4258670254542134
276.7152980408503,1.4254429401951278
276.86536056690284,1.4250071814770897
277.01542309295536,1.4245597612566063
277.1654856190079,1.4241006918101573
277.3155481450604,1.423629985733858
277.4656106711129,1.4231476559431135
277.61567319716545,1.4226537156722658
277.765735723218,1.4221481784742278
277.9157982492705,1.4216310582201144
278.065860775323,1.42110236909886
278.21592330137554,1.4205621256168302
278.36598582742806,1.4200103425974229
278.5160483534806,1.4194470351806627
278.6661108795331,1.4188722188227847
278.81617340558563,1.4182859092958093
278.96623593163815,1.4176881226871125
279.1162984576907,1.4170788753989818
279.2663609837432,1.4164581841481667
279.4164235097957,1.4158260659654212
279.56648603584824,1.4151825381950345
279.71654856190077,1.4145276184943574
279.8666110879533,1.4138613248333156
280.0166736140058,1.4131836754939187
280.16673614005833,1.4124946890697565
280.31679866611086,1.411794384465491
280.4668611921634,1.4110827808963355
280.6169237182159,1.4103598978875294
280.7669862442684,1.4096257552738007
280.91704877032095,1.4088803731988229
281.06711129637347,1.4081237721146618
281.217173822426,1.4073559727812146
281.3672363484785,1.4065769962656405
281.51729887453104,1.4057868639417817
281.66736140058356,1.4049855974895777
281.8174239266361,1.4041732188944707
281.9674864526886,1.403349750446801
282.1175489787411,1.402515214741198
282.26761150479365,1.4016696346759563
282.4176740308462,1.4008130334524118
282.5677365568987,1.3999454345743017
282.7177990829512,1.3990668618471216
282.86786160900374,1.3981773393774706
283.01792413505626,1.397276891572392
283.1679866611088,1.3963655431387016
283.3180491871613,1.3954433190823112
283.46811171321383,1.3945102447075415
283.61817423926635,1.3935663456164287
283.7682367653189,1.3926116477080204
283.9182992913714,1.3916461771776676
284.0683618174239,1.3906699605163033
284.21842434347644,1.3896830245097174
284.36848686952897,1.388685396237821
284.5185493955815,1.3876771030739032
284.668611921634,1.3866581726838807
284.81867444768653,1.3856286330255378
284.96873697373906,1.3845885123477604
285.1187994997916,1.3835378391897597
285.2688620258441,1.38247664238029
285.4189245518966,1.3814049510368576
285.56898707794915,1.3803227945649212
285.71904960400167,1.3792302026570864
285.8691121300542,1.3781272052922882
286.0191746561067,1.3770138327349726
286.16923718215924,1.3758901155342622
286.31929970821176,1.3747560845231213
286.4693622342643,1.3736117708175066
286.6194247603168,1.3724572058155164
286.7694872863693,1.3712924211965278
286.91954981242185,1.3701174489203258
287.06961233847437,1.3689323212262305
287.2196748645269,1.3677370706322083
287.3697373905794,1.366531729933982
287.51979991663194,1.3653163322041308
287.66986244268446,1.364090910791182
287.819924968737,1.362855499318696
287.9699874947895,1.3616101316843445
288.12005002084203,1.3603548420589804
288.27011254689455,1.359089664885699
288.4201750729471,1.3578146348788942
288.5702375989996,1.3565297870233057
288.7203001250521,1.3552351565730594
288.87036265110464,1.3539307790506978
289.0204251771571,1.3526166902462091
289.17048770320963,1.3512929262160416
289.32055022926215,1.3499595232821173
289.4706127553147,1.3486165180308334
289.6206752813672,1.3472639473120596
289.7707378074197,1.3459018482381246
289.92080033347224,1.3445302581828016
290.07086285952477,1.3431492147802797
290.2209253855773,1.341758755924133
290.3709879116298,1.34035891976628
290.52105043768233,1.3389497447159369
290.67111296373486,1.3375312694385646
290.8211754897874,1.3361035328548052
290.9712380158399,1.3346665741394181
291.1213005418924,1.3332204327202013
291.27136306794495,1.3317651482769122
291.42142559399747,1.3303007607401773
291.57148812005,1.328827310290398
291.7215506461025,1.3273448373566452
291.87161317215504,1.3258533826155539
292.02167569820756,1.3243529869902049
292.1717382242601,1.3228436916490014
292.3218007503126,1.3213255380045412
292.4718632763651,1.319798567712479
292.62192580241765,1.3182628226703847
292.7719883284702,1.316718345016591
292.9220508545227,1.3151651771290411
293.0721133805752,1.3136033616241232
293.22217590662774,1.3120329413555025
293.37223843268026,1.3104539594129443
293.5223009587328,1.3088664591211325
293.6723634847853,1.3072704840384812
293.82242601083783,1.3056660779559373
293.97248853689035,1.3040532848957818
294.1225510629429,1.3024321491104203
294.2726135889954,1.3008027150811694
294.4226761150479,1.2991650275170357
294.57273864110044,1.2975191313534897
294.72280116715297,1.2958650717512323
294.8728636932055,1.2942028940949546
295.022926219258,1.2925326439920957
295.17298874531053,1.2908543672715882
295.32305127136306,1.2891681099826027
295.4731137974156,1.287473918393283
295.6231763234681,1.2857718389894786
295.7732388495206,1.2840619184734645
295.92330137557315,1.2823442037626662
296.07336390162567,1.2806187419883677
296.2234264276782,1.2788855804944201
296.3734889537307,1.2771447668359424
296.52355147978324,1.275396348778016
296.67361400583576,1.2736403742943756
296.8236765318883,1.2718768915660899
296.9737390579408,1.2701059489802433
297.1238015839933,1.268327595128606
297.27386411004585,1.2665418788063012
297.4239266360984,1.2647488490104664
297.5739891621509,1.2629485549389088
297.7240516882034,1.2611410459887558
297.87411421425594,1.2593263717550978
298.02417674030846,1.2575045820296302
298.174239266361,1.2556757267992862
298.3243017924135,1.2538398562448636
298.47436431846603,1.2519970207396505
298.62442684451855,1.250147270848041
298.7744893705711,1.2482906573241497
298.9245518966236,1.246427231110416
299.0746144226761,1.2445570433362105
299.22467694872864,1.2426801453164287
299.37473947478117,1.2407965885500853
299.5248020008337,1.2389064247188992
299.6748645268862,1.2370097056858773
299.82492705293873,1.235106483493889
299.97498957899126,1.233196810364241
300.1250521050438,1.231280738695243
300.2751146310963,1.22935832106077
300.4251771571488,1.2274296102088198
300.57523968320135,1.2254946590600664
300.72530220925387,1.2235535207064072
300.8753647353064,1.221606248409505
301.0254272613589,1.2196528955993295
301.17548978741144,1.2176935158726894
301.3255523134639,1.215728162991763
301.4756148395164,1.2137568908826193
301.62567736556895,1.2117797536337451
301.77573989162147,1.2097968054945538
301.925802417674,1.2078081008739017
302.0758649437265,1.2058136943385938
302.22592746977904,1.2038136406118853
302.37598999583156,1.2018079945719824
302.5260525218841,1.1997968112505337
302.6761150479366,1.197780145831124
302.8261775739891,1.1957580536477541
302.97624010004165,1.1937305901833302
303.1263026260942,1.1916978110681358
303.2763651521467,1.1896597720783075
303.4264276781992,1.1876165291343046
303.57649020425174,1.1855681382993744
303.72655273030426,1.183514655778012
303.8766152563568,1.181456137914423
304.0266777824093,1.179392641190973
304.17674030846183,1.1773242222266393
304.32680283451435,1.1752509377754579
304.4768653605669,1.1731728447249656
304.6269278866194,1.17109000009464
304.7769904126719,1.1690024610343324
304.92705293872444,1.1669102848227035
305.07711546477697,1.164813528865649
305.2271779908295,1.1627122506947256
305.377240516882,1.160606507965572
305.52730304293453,1.1584963584563273
305.67736556898706,1.1563818600660456
305.8274280950396,1.1542630708131059
305.9774906210921,1.152140048833623
306.1275531471446,1.15001285237985
306.27761567319715,1.1478815398185813
306.42767819924967,1.1457461696295501
306.5777407253022,1.1436068004038242
306.7278032513547,1.1414634908422
306.87786577740724,1.1393162997535866
307.02792830345976,1.1371652860533996
307.1779908295123,1.1350105087619389
307.3280533555648,1.1328520270027722
307.4781158816173,1.1306899000011108
307.62817840766985,1.1285241870821867
307.7782409337224,1.1263549476696217
307.9283034597749,1.1241822412838003
308.0783659858274,1.1220061275402349
308.22842851187994,1.1198266661479301
308.37849103793246,1.1176439169077446
308.528553563985,1.1154579397107496
308.6786160900375,1.113268794536588
308.82867861609003,1.1110765414518238
308.97874114214255,1.1088812406082995
309.1288036681951,1.1066829522414823
309.2788661942476,1.104481736668812
309.4289287203001,1.1022776542880468
309.57899124635264,1.1000707655756046
309.72905377240517,1.0978611310849056
309.8791162984577,1.0956488114447072
310.0291788245102,1.0934338673574457
310.17924135056273,1.0912163595975668
310.32930387661526,1.0889963490098589
310.4793664026678,1.0867738965077844
310.6294289287203,1.0845490630718078
310.7794914547728,1.082321909747723
310.92955398082535,1.0800924976449755
311.07961650687787,1.077860887934991
311.2296790329304,1.0756271418494923
311.3797415589829,1.0733913206788213
311.52980408503544,1.0711534857702567
311.67986661108796,1.068913698526332
311.8299291371405,1.0666720204031468
311.979991663193,1.0644285129086857
312.1300541892455,1.062183237601128
312.28011671529805,1.0599362560871581
312.4301792413506,1.0576876300202769
312.5802417674031,1.0554374210991082
312.7303042934556,1.053185691065708
312.88036681950814,1.0509325017038669
313.03042934556066,1.0486779148374188
313.1804918716132,1.046421992328543
313.3305543976657,1.0441647960760658
313.4806169237182,1.0419063880137642
313.6306794497707,1.0396468301086634
313.7807419758232,1.037386184359339
313.93080450187574,1.0351245127942161
314.08086702792826,1.0328618774698661
314.2309295539808,1.0305983404693044
314.3809920800333,1.0283339639002869
314.53105460608583,1.0260688098936055
314.68111713213835,1.0238029406013853
314.8311796581909,1.0215364181953746
314.9812421842434,1.0192693048652446
315.1313047102959,1.01700166281688
315.28136723634844,1.0147335542706724
315.43142976240097,1.0124650414598133
315.5814922884535,1.0101961866285876
315.731554814506,1.0079270520306618
315.88161734055853,1.0056576999273819
316.03167986661106,1.0033881925860606
316.1817423926636,1.0011185922782697
316.3318049187161,0.9988489612781328
316.4818674447686,0.996579361860615
316.63192997082115,0.9943098562998156
316.78199249687367,0.9920405068672565
316.9320550229262,0.9897713758301782
317.0821175489787,0.9875025254498273
317.23218007503124,0.9852340179797505
317.38224260108376,0.982965915664085
317.5323051271363,0.9806982807358515
317.6823676531888,0.9784311754152472
317.8324301792413,0.976164661907935
317.98249270529385,0.9738988024033423
318.1325552313464,0.9716336590729504
318.2826177573989,0.9693692940685904
318.4326802834514,0.9671057695207371
318.58274280950394,0.9648431475368048
318.73280533555646,0.9625814901994434
318.882867861609,0.9603208595648324
319.0329303876615,0.9580613176609825
319.18299291371403,0.9558029264860306
319.33305543976655,0.9535457480065396
319.4831179658191,0.9512898441557978
319.6331804918716,0.9490352768321207
319.7832430179241,0.9467821078971494
319.93330554397664,0.9445303991741577
320.08336807002917,0.9422802124463528
320.2334305960817,0.9400316094551809
320.3834931221342,0.9377846518986331
320.53355564818673,0.9355394014295524
320.68361817423926,0.9332959196539429
320.8336807002918,0.9310542681292762
320.9837432263443,0.9288145083628073
321.1338057523968,0.9265767018098836
321.28386827844935,0.9243409098722596
321.43393080450187,0.9221071938964118
321.5839933305544,0.919875615171856
321.7340558566069,0.917646234929466
321.88411838265944,0.9154191143397903
322.03418090871196,0.9131943145113789
322.1842434347645,0.9109718964891029
322.334305960817,0.9087519212524806
322.4843684868695,0.9065344497140042
322.63443101292205,0.9043195427174686
322.7844935389746,0.9021072610363026
322.9345560650271,0.8998976653718982
323.0846185910796,0.8976908163519501
323.23468111713214,0.8954867745287884
323.38474364318466,0.8932856003777189
323.5348061692372,0.8910873542953623
323.6848686952897,0.8888920965979994
323.83493122134223,0.886699887519912
323.98499374739475,0.8845107872117351
324.1350562734473,0.8823248557388034
324.2851187994998,0.8801421530795038
324.4351813255523,0.87796273912363
324.58524385160484,0.875786673670739
324.73530637765737,0.8736140164285111
324.8853689037099,0.8714448270111086
325.0354314297624,0.8692791649375446
325.18549395581493,0.8671170896300471
325.33555648186746,0.8649586604124285
325.48561900792,0.8628039365084592
325.6356815339725,0.8606529770402415
325.78574406002497,0.8585058410265891
325.9358065860775,0.8563625873814023
326.08586911213,0.8542232749120593
326.23593163818254,0.8520879623177983
326.38599416423506,0.8499567081881068
326.5360566902876,0.8478295710011148
326.6861192163401,0.8457066091219911
326.8361817423926,0.8435878808013384
326.98624426844515,0.8414734441735998
327.13630679449767,0.8393633572554606
327.2863693205502,0.8372576779442573
327.4364318466027,0.8351564640163885
327.58649437265524,0.8330597731257312
327.73655689870776,0.830967662802055
327.8866194247603,0.8288801904494489
328.0366819508128,0.8267974133447424
328.18674447686533,0.8247193886359352
328.33680700291785,0.8226461733406292
328.4868695289704,0.8205778243444636
328.6369320550229,0.8185143983995551
328.7869945810754,0.816455952122938
328.93705710712794,0.8144025419950144
329.08711963318046,0.8123542243580022
329.237182159233,0.8103110554143899
329.3872446852855,0.8082730912253937
329.53730721133803,0.8062403877094203
329.68736973739055,0.8042130006405328
329.8374322634431,0.8021909856469174
329.9874947894956,0.8001743982093614
330.1375573155481,0.7981632936597285
330.28761984160064,0.7961577271794404
330.43768236765317,0.7941577537979638
330.5877448937057,0.7921634283912993
330.7378074197582,0.7901748056804774
330.88786994581073,0.7881919402300538
331.03793247186326,0.7862148864466164
331.1879949979158,0.7842436985772898
331.3380575239683,0.7822784307082475
331.4881200500208,0.7803191367632278
331.63818257607335,0.7783658705020552
331.78824510212587,0.776418685519162
331.9383076281784,0.7744776352421225
332.0883701542309,0.7725427729301839
332.23843268028344,0.7706141516728058
332.38849520633596,0.7686918243882033
332.5385577323885,0.7667758438218955
332.688620258441,0.7648662625452582
332.8386827844935,0.7629631329540796
332.98874531054605,0.7610665072671257
333.1388078365986,0.7591764375247056
333.2888703626511,0.7572929755872442
333.4389328887036,0.7554161731338584
333.58899541475614,0.7535460816609405
333.73905794080866,0.7516827524807447
333.8891204668612,0.7498262367199768
334.0391829929137,0.747976585318396
334.18924551896623,0.7461338490274136
334.33930804501875,0.7442980784087017
334.4893705710713,0.7424693238328057
334.6394330971238,0.7406476354777627
334.7894956231763,0.738833063327724
334.93955814922884,0.7370256571715827
335.08962067528137,0.7352254666016105
335.2396832013339,0.7334325410120941
335.3897457273864,0.7316469295979817
335.53980825343893,0.7298686813535322
335.68987077949146,0.7280978450709715
335.839933305544,0.7263344693391519
335.9899958315965,0.7245786025422222
336.140058357649,0.7228302928582974
336.29012088370155,0.7210895882581378
336.44018340975407,0.7193565365038329
336.5902459358066,0.7176311851474904
336.7403084618591,0.715913581529932
336.89037098791164,0.7142037727793927
337.04043351396416,0.7125018058102309
337.1904960400167,0.7108077273216384
337.3405585660692,0.7091215837963605
337.4906210921217,0.7074434214994194
337.64068361817425,0.705773286476846
337.7907461442268,0.7041112245544161
337.9408086702793,0.7024572813363916
338.09087119633176,0.700811502204272
338.2409337223843,0.6991739323155461
338.3909962484368,0.6975446166024557
338.54105877448933,0.6959235997707611
338.69112130054185,0.6943109262985152
338.8411838265944,0.6927066404348416
338.9912463526469,0.6911107861987227
339.1413088786994,0.6895234073777905
339.29137140475194,0.6879445475271257
339.44143393080446,0.6863742499680621
339.591496456857,0.6848125577869988
339.7415589829095,0.6832595138342157
339.89162150896203,0.6817151607227013
340.04168403501455,0.680179540826981
340.1917465610671,0.6786526962819548
340.3418090871196,0.6771346689817416
340.4918716131721,0.6756255005785297
340.64193413922465,0.6741252324814337
340.79199666527717,0.6726339058553576
340.9420591913297,0.671151561619867
341.0921217173822,0.6696782404480649
341.24218424343474,0.6682139827654765
341.39224676948726,0.6667588287489393
341.5423092955398,0.6653128183255015
341.6923718215923,0.663875991171326
341.8424343476448,0.6624483867106008
341.99249687369735,0.6610300441144596
342.14255939974987,0.6596210022999052
342.2926219258024,0.6582212999287419
342.4426844518549,0.6568309754065152
342.59274697790744,0.6554500668814578
342.74280950395996,0.6540786122434432
342.8928720300125,0.6527166491229441
343.042934556065,0.6513642148900032
343.19299708211753,0.6500213466532053
343.34305960817005,0.6486880812586604
343.4931221342226,0.6473644552889916
343.6431846602751,0.6460505050623327
343.7932471863276,0.6447462666313297
343.94330971238014,0.643451775782154
344.09337223843266,0.6421670680335185
344.2434347644852,0.6408921786357046
344.3934972905377,0.6396271425695934
344.54355981659023,0.6383719945457071
344.69362234264275,0.6371267690032567
344.8436848686953,0.6358915001091949
344.9937473947478,0.6346662217572818
345.1438099208003,0.6334509675671528
345.29387244685284,0.6322457708833966
345.44393497290537,0.6310506647746407
345.5939974989579,0.6298656820326431
345.7440600250104,0.6286908551713944
345.89412255106294,0.6275262164262225
346.04418507711546,0.6263717977529117
346.194247603168,0.6252276308268234
346.3443101292205,0.6240937470420284
346.494372655273,0.6229701775104441
346.64443518132555,0.621856953060983
346.79449770737807,0.6207541042387036
346.9445602334306,0.6196616613039754
347.0946227594831,0.6185796542316473
347.24468528553564,0.6175081127102249
347.39474781158816,0.6164470661410562
347.5448103376407,0.6153965436375248
347.6948728636932,0.6143565740242519
347.84493538974573,0.6133271858363032
347.99499791579825,0.6123084073184084
348.1450604418508,0.6113002664241851
348.2951229679033,0.6103027908153716
348.4451854939558,0.6093160078610687
348.59524802000834,0.6083399446369875
348.74531054606086,0.6073746279247083
348.8953730721134,0.6064200842109431
349.0454355981659,0.6054763396868118
349.19549812421843,0.6045434202471217
349.34556065027095,0.6036213514896575
349.4956231763235,0.6027101587144787
349.645685702376,0.6018098669232264
349.7957482284285,0.6009205008184355
349.94581075448104,0.6000420848028583
350.09587328053357,0.5991746429787946
350.2459358065861,0.5983181991474307
350.39599833263856,0.5974727768081854
350.5460608586911,0.5966383991580658
350.6961233847436,0.5958150890910314
350.8461859107961,0.5950028691973641
350.99624843684865,0.5942017617630508
351.14631096290117,0.5934117887691702
351.2963734889537,0.5926329718912899
351.4464360150062,0.5918653324988725
351.59649854105874,0.5911088916546885
351.74656106711126,0.5903636701142376
351.8966235931638,0.5896296883251815
352.0466861192163,0.5889069664267806
352.1967486452688,0.5881955242493428
352.34681117132135,0.5874953813136786
352.49687369737387,0.586806556830566
352.6469362234264,0.586129069700223
352.7969987494789,0.585462938511789
352.94706127553144,0.5848081815428152
353.09712380158396,0.5841648167587628
353.2471863276365,0.5835328618125097
353.397248853689,0.5829123340438672
353.54731137974153,0.5823032504791029
353.69737390579405,0.5817056278304745
353.8474364318466,0.5811194824957705
353.9974989578991,0.5805448305578609
354.1475614839516,0.5799816877842559
354.29762401000414,0.5794300696266727
354.44768653605666,0.578889991220612
354.5977490621092,0.5783614673849427
354.7478115881617,0.5778445126214949
354.89787411421423,0.5773391411146624
355.04793664026676,0.5768453667310136
355.1979991663193,0.5763632030189103
355.3480616923718,0.5758926632081369
355.4981242184243,0.5754337602095367
355.64818674447685,0.5749865066146582
355.79824927052937,0.5745509146954089
355.9483117965819,0.5741269964037188
356.0983743226344,0.5737147633712135
356.24843684868694,0.5733142269088934
356.39849937473946,0.5729253980068245
356.548561900792,0.5725482873338364
356.6986244268445,0.5721829052372298
356.848686952897,0.5718292617424918
356.99874947894955,0.5714873665530222
357.14881200500207,0.5711572290498663
357.2988745310546,0.5708388582914574
357.4489370571071,0.5705322630133689
357.59899958315964,0.5702374516280743
357.74906210921216,0.5699544322247159
357.8991246352647,0.5696832125688838
358.0491871613172,0.5694238001024018
358.19924968736973,0.5691762019431242
358.34931221342225,0.5689404248847398
358.4993747394748,0.5687164753965859
358.6494372655273,0.5685043596234702
358.7994997915798,0.5683040833855029
358.94956231763234,0.5681156521779366
359.09962484368486,0.5679390711710157
359.2496873697374,0.5677743452098346
359.3997498957899,0.5676214788142042
359.54981242184243,0.5674804761785288
359.69987494789495,0.5673513411716902
359.8499374739475,0.5672340773369418
360.0,0.5671286878918116
